task_type,subject_importance,deadline_days,estimated_time,difficulty,urgency_self,energy_required,self_reported_procrastination,completion_status,actual_time_vs_estimate,energy_at_attempt,priority
Assignment,Core,1.0,60.0,4.0,5.0,High,4.0,Completed but late,Slightly more,Low,High
Exam Preparation,Core,0.0,120.0,5.0,5.0,High,5.0,Started but not completed,Much more,Low,High
Project,Core,2.0,90.0,4.0,4.0,High,4.0,Completed on time,Same as estimated,Medium,High
Assignment,Core,1.0,45.0,3.0,5.0,High,4.0,Completed but late,Slightly more,Low,High
Revision / Practice,Core,2.0,60.0,3.0,4.0,Medium,3.0,Completed on time,Same as estimated,Medium,High
Assignment,Secondary,3.0,60.0,3.0,4.0,Medium,3.0,Completed on time,Same as estimated,Medium,Medium
Assignment,Secondary,4.0,90.0,3.0,3.0,Medium,3.0,Completed but late,Slightly more,Low,Medium
Project,Secondary,5.0,120.0,4.0,3.0,High,3.0,Started but not completed,Much more,Low,Medium
Revision / Practice,Secondary,6.0,60.0,3.0,3.0,Medium,3.0,Completed on time,Same as estimated,Medium,Medium
Exam Preparation,Secondary,4.0,90.0,4.0,4.0,High,4.0,Completed but late,Much more,Low,High
Reading / Notes,Optional,7.0,45.0,2.0,2.0,Low,2.0,Completed on time,Less than estimated,High,Low
Reading / Notes,Optional,10.0,60.0,1.0,1.0,Low,1.0,Completed on time,Less than estimated,High,Low
Assignment,Optional,8.0,30.0,1.0,1.0,Low,1.0,Did not start,Same as estimated,Low,Low
Revision / Practice,Optional,12.0,60.0,2.0,1.0,Low,1.0,Completed on time,Less than estimated,High,Low
Project,Optional,14.0,90.0,2.0,2.0,Medium,2.0,Started but not completed,Much more,Low,Low
Assignment,Core,2.0,60.0,4.0,4.0,High,4.0,Completed but late,Slightly more,Low,High
Assignment,Core,3.0,90.0,4.0,4.0,High,4.0,Completed on time,Same as estimated,Medium,High
Exam Preparation,Core,1.0,120.0,5.0,5.0,High,5.0,Started but not completed,Much more,Low,High
Revision / Practice,Core,2.0,45.0,3.0,4.0,Medium,3.0,Completed on time,Same as estimated,Medium,High
Project,Core,3.0,120.0,5.0,4.0,High,4.0,Started but not completed,Much more,Low,High
Assignment,Secondary,5.0,60.0,3.0,3.0,Medium,3.0,Completed on time,Same as estimated,Medium,Medium
Revision / Practice,Secondary,6.0,90.0,3.0,3.0,Medium,3.0,Completed on time,Same as estimated,Medium,Medium
Project,Secondary,7.0,120.0,4.0,3.0,High,3.0,Started but not completed,Much more,Low,Medium
Exam Preparation,Secondary,3.0,90.0,4.0,4.0,High,4.0,Completed but late,Much more,Low,High
Reading / Notes,Optional,15.0,30.0,1.0,1.0,Low,1.0,Completed on time,Less than estimated,High,Low
Assignment,Optional,10.0,45.0,1.0,1.0,Low,1.0,Did not start,Same as estimated,Low,Low
Revision / Practice,Optional,12.0,60.0,2.0,1.0,Low,1.0,Completed on time,Less than estimated,High,Low
Project,Optional,20.0,120.0,2.0,2.0,Medium,2.0,Started but not completed,Much more,Low,Low
Exam Preparation,Optional,14.0,90.0,2.0,2.0,Medium,2.0,Completed but late,Slightly more,Low,Low
Assignment,Core,1.0,30.0,3.0,5.0,Medium,4.0,Completed on time,Slightly more,Medium,High
Assignment,Core,0.0,60.0,4.0,5.0,High,5.0,Started but not completed,Much more,Low,High
Revision / Practice,Core,2.0,60.0,3.0,4.0,Medium,3.0,Completed on time,Same as estimated,Medium,High
Project,Core,1.0,120.0,5.0,5.0,High,5.0,Started but not completed,Much more,Low,High
Exam Preparation,Core,2.0,90.0,4.0,4.0,High,4.0,Completed but late,Much more,Low,High
Assignment,Secondary,4.0,60.0,3.0,3.0,Medium,3.0,Completed on time,Same as estimated,Medium,Medium
Revision / Practice,Secondary,5.0,45.0,2.0,3.0,Low,2.0,Completed on time,Less than estimated,High,Medium
Reading / Notes,Secondary,6.0,30.0,1.0,2.0,Low,1.0,Completed on time,Less than estimated,High,Low
Project,Secondary,8.0,120.0,3.0,3.0,High,3.0,Started but not completed,Much more,Low,Medium
Exam Preparation,Secondary,6.0,90.0,4.0,4.0,High,4.0,Completed but late,Much more,Low,High
Assignment,Optional,10.0,30.0,1.0,1.0,Low,1.0,Did not start,Same as estimated,Low,Low
Revision / Practice,Optional,12.0,45.0,2.0,1.0,Low,1.0,Completed on time,Less than estimated,High,Low
Project,Optional,15.0,120.0,2.0,2.0,Medium,2.0,Started but not completed,Much more,Low,Low
Exam Preparation,Optional,14.0,90.0,2.0,2.0,Medium,2.0,Completed but late,Slightly more,Low,Low
Reading / Notes,Optional,20.0,30.0,1.0,1.0,Low,1.0,Completed on time,Less than estimated,High,Low
Project,Optional,4.653417027292221,88.30760200887696,3.4803373332830643,1.0297142632012433,Low,4.611220648509395,Completed on time,Less than estimated,Low,Medium
Reading / Notes,Optional,13.228446906194375,85.29347500746698,1.9990106729601003,3.9013680112873264,Medium,2.1144340238769317,Completed but late,Much more,Low,High
Reading / Notes,Secondary,11.390330190970948,105.46794653920814,4.371075458027803,2.726863305569836,High,2.4618282809501895,Completed but late,Slightly more,Low,Low
Reading / Notes,Optional,12.304691255512116,37.93854950353084,1.8520297878980245,2.675341445373938,Medium,4.08354050853559,Completed but late,Less than estimated,High,Low
Exam Preparation,Secondary,0.323448731100866,93.91940928593183,3.32661609372562,1.3435223704295738,Low,3.1628292575726005,Completed but late,Same as estimated,Medium,Medium
Exam Preparation,Optional,9.95466580113806,119.1347780518383,4.420382082905114,2.18410103230502,High,3.787404543666913,Did not start,Same as estimated,Medium,Medium
Revision / Practice,Optional,1.1972076221986838,108.02952894460437,4.502777791264723,2.4082240013416683,Medium,1.358841971688519,Completed but late,Much more,High,Medium
Reading / Notes,Optional,6.515585629769076,66.44083531875167,3.1123833351433383,3.2730888232971513,High,4.694548577928364,Completed but late,Same as estimated,Low,Medium
Project,Optional,18.221356669666232,55.505456457220745,3.2025749257436975,2.835610276640898,Medium,1.1178514291582653,Completed on time,Less than estimated,Low,Low
Exam Preparation,Core,8.863607046356032,96.38604429500022,4.0059903459023465,3.3941348079317555,Low,3.711591703103265,Completed on time,Same as estimated,High,Medium
Project,Core,9.816443373038764,35.28972308379974,3.747381213818323,3.7007088365140475,High,4.726621777487465,Completed but late,Slightly more,High,High
Revision / Practice,Core,8.36213778224783,56.37503017184264,1.9298386970944543,4.110709770699282,High,3.419405218605684,Started but not completed,Same as estimated,High,Low
Project,Optional,7.508601934172194,111.41795507253453,4.6745178573369515,4.421039381372996,High,3.664008171345099,Completed on time,Same as estimated,High,Medium
Project,Secondary,18.57864246181063,82.73241713443434,4.415784213154012,4.310112477540198,High,1.1897707313237111,Started but not completed,Much more,Low,High
Revision / Practice,Optional,14.08433414336492,88.59977021650528,1.4661510087681338,3.64383757240749,Medium,2.1475973706928637,Did not start,Slightly more,Medium,Low
Reading / Notes,Optional,3.953726745601014,90.72724678430696,2.267385191180435,4.472838570894037,High,2.4598787292082704,Completed on time,Same as estimated,High,Low
Exam Preparation,Secondary,5.0846629939610954,94.31588305997019,4.696177617910488,3.752602291321333,Low,1.7711088015479852,Started but not completed,Much more,High,Low
Exam Preparation,Optional,8.245640664115516,98.01844449556525,4.494497990344188,2.785128066702921,Medium,4.7063389313423905,Started but not completed,Much more,Medium,Medium
Project,Optional,9.275993940017973,46.526155053171124,2.179796266803517,3.552111321372439,High,2.528112773822794,Completed but late,Slightly more,Medium,High
Exam Preparation,Secondary,2.7231545050262995,68.81385061872989,4.207483226334679,3.3731824696507764,Low,4.058356361225366,Did not start,Slightly more,High,High
Exam Preparation,Secondary,16.585534593401942,54.05001356121133,2.762374473052374,1.0540655890538724,Medium,3.2143470344992764,Started but not completed,Less than estimated,Low,Low
Exam Preparation,Secondary,14.943335300378058,42.8006650172826,2.8057301661215837,3.71561265662486,Medium,2.2530575300888964,Completed but late,Slightly more,High,Low
Exam Preparation,Secondary,12.421195770148126,65.7946643700766,3.7985243242465287,3.898898366946304,Low,1.224115910800203,Did not start,Less than estimated,Medium,Medium
Project,Optional,16.465703503877318,104.81692860072633,4.761562940641138,3.085797862047612,High,3.6568932104894247,Completed but late,Slightly more,Medium,High
Revision / Practice,Core,7.0178842369184675,35.487584648782615,3.5437325441614234,2.4447850927553354,High,1.0553932391727696,Completed but late,Same as estimated,High,High
Exam Preparation,Core,10.917713833081727,117.25827920758297,3.958088312949665,2.990922647594012,Low,3.9387158004036813,Completed but late,Less than estimated,Medium,Medium
Assignment,Secondary,2.052715319205365,55.5737552418518,1.3823542759777672,4.5899934323027844,Low,2.395297771469429,Did not start,Less than estimated,Low,Low
Exam Preparation,Optional,6.3681060530322515,68.21849992503397,2.2471628244235995,4.268772145862497,Low,3.9137441090247522,Completed on time,Slightly more,Low,High
Project,Secondary,0.11324702151920496,92.57715281940062,4.67313253403087,2.570088765430771,High,1.2226844007976698,Completed but late,Less than estimated,Low,High
Revision / Practice,Secondary,13.477072006334456,58.97625943404792,2.662984287640901,4.113213855194791,Low,4.492426779315954,Started but not completed,Less than estimated,Medium,Medium
Assignment,Secondary,15.709095462313448,32.24366269257033,1.0120267138302936,1.7384994740954687,Low,2.8061467596304586,Completed on time,Same as estimated,Low,Medium
Assignment,Optional,19.01534228288051,89.53777564048454,4.263678784958554,2.708860393722232,Medium,4.731355277872981,Completed on time,Less than estimated,Medium,Medium
Exam Preparation,Core,1.297488177884134,85.7676952200209,3.837340670541455,2.6524636372114587,Low,1.3029263679730132,Started but not completed,Much more,Low,High
Exam Preparation,Secondary,14.89425198833537,88.79589804453502,1.7062032029502552,2.9108431234548844,High,1.7115350170570918,Did not start,Less than estimated,Low,Low
Exam Preparation,Core,3.5881934667558446,38.376429418771934,2.8577740226119044,4.807591085141947,Low,3.0438291405738136,Started but not completed,Same as estimated,Low,Low
Reading / Notes,Secondary,4.317414174706739,109.40990109420565,2.785473613707551,1.7247596948761257,Low,2.160085405437306,Did not start,Less than estimated,Medium,Low
Project,Optional,9.038532720747748,97.66084407302229,1.7460071344502355,4.257194526748125,Medium,4.3615149354428535,Started but not completed,Same as estimated,High,Medium
Reading / Notes,Core,11.712094257936256,109.14005022774336,2.945348818383268,1.790976540534496,Low,2.3135460748640204,Did not start,Much more,High,Low
Reading / Notes,Core,7.373861142630151,103.87305165437266,4.126671716105546,4.93109728516003,Low,1.8452953665271004,Did not start,Less than estimated,High,Medium
Reading / Notes,Core,12.10549141559156,42.92951336454725,1.5850411058267753,3.923676503357248,High,4.878336102024367,Completed on time,Slightly more,Low,High
Project,Core,3.2644395786863267,40.155219949050945,4.189666553251181,1.1725273621336294,Low,4.033462723887354,Did not start,Same as estimated,Low,High
Reading / Notes,Secondary,10.778803850462637,88.45194663862571,1.1050019261994994,4.640442794079394,Low,3.72156574823639,Started but not completed,Less than estimated,Low,Low
Reading / Notes,Secondary,11.071711169300977,101.60072512186184,2.4378430157157727,4.4939814816224,Low,1.210191342899451,Did not start,Less than estimated,Low,High
Reading / Notes,Secondary,19.00309256124608,44.288033374533825,2.0323794927219465,2.7690144553626634,Medium,2.086025612969859,Completed on time,Same as estimated,Medium,High
Reading / Notes,Secondary,2.980460379791763,102.4829595515559,3.7811130265900084,4.264923593403765,Low,4.084793388346421,Did not start,Much more,Low,High
Reading / Notes,Core,13.892998957211013,107.5528856442819,1.8990050085849228,2.3188237071418043,Medium,3.765081884525982,Completed but late,Same as estimated,Medium,Low
Exam Preparation,Secondary,12.513959237355651,90.61381167165585,2.9392589959620365,4.96373461588471,Medium,3.5678698720177917,Completed on time,Same as estimated,High,High
Assignment,Core,5.412874844561141,47.26379325952843,4.688379065484815,3.2765170441569675,High,4.625952684822744,Completed but late,Much more,Medium,Low
Reading / Notes,Secondary,19.781838657503634,35.50739111629864,1.5860350318906264,4.644273004176961,Low,1.2415863864942822,Completed but late,Much more,High,Medium
Project,Optional,0.9276068724008346,41.68772747336015,1.9072291932971557,4.846506800924659,Low,4.32665190757165,Completed on time,Slightly more,High,High
Assignment,Optional,14.103980624929846,113.0409139525908,3.7351918209160724,3.3093437541798485,Low,3.2786134516222405,Did not start,Less than estimated,Medium,Medium
Reading / Notes,Secondary,18.112865984864513,74.46323833694487,4.795495586453921,1.7088873625332246,Medium,1.5713822154964885,Started but not completed,Slightly more,Medium,Medium
Project,Core,18.734470833207062,77.56268334984149,1.1322032408527618,2.9474685170250217,High,1.1022760865041783,Started but not completed,Same as estimated,High,Medium
Assignment,Optional,11.620974680155058,81.9031876317751,1.2967117345501862,4.383010122398586,Medium,3.6634701765023716,Started but not completed,Same as estimated,High,High
Project,Secondary,0.9542901675808824,35.93759859595622,2.8369680152841363,3.8260707327202317,Low,3.461403154421716,Did not start,Much more,Low,High
Project,Core,19.64710010878905,90.18525407874306,1.1295714923980578,3.1623266707767903,High,3.942457080798387,Started but not completed,Slightly more,High,Low
Assignment,Core,9.255612052047455,104.81018241722848,3.2920390238852897,1.8423227222332152,Low,2.449300142764192,Completed but late,Less than estimated,High,Medium
Revision / Practice,Core,6.740440019891123,103.59299952507128,3.1125328018946656,3.775851858894595,High,3.634192023059698,Started but not completed,Much more,High,Medium
Project,Secondary,15.735030210765295,111.89672205769826,2.733314513948727,3.267050760637487,Medium,4.604052426894857,Completed but late,Much more,Medium,Low
Exam Preparation,Secondary,10.557835290965203,68.15856570276603,4.731828197283715,2.006608081757732,Low,1.2049538187773248,Did not start,Much more,Medium,High
Exam Preparation,Optional,17.525113388820944,40.931928768625056,4.723044917788213,1.6561311967611183,Medium,1.8830716568299697,Started but not completed,Much more,Medium,Low
Reading / Notes,Optional,13.276698896745618,97.09739664867308,1.8297015095571156,2.6459134339938197,High,3.4937995466710223,Started but not completed,Slightly more,High,Low
Project,Optional,6.663140864788977,45.22834540614,4.965307985153883,3.5410104280907295,High,2.277569822555338,Did not start,Same as estimated,High,Medium
Exam Preparation,Core,4.106266409812502,116.10979914137712,3.047709663016036,1.3538087373880305,High,4.431737359629658,Started but not completed,Less than estimated,High,Medium
Exam Preparation,Secondary,4.193711474100034,44.28563635172489,1.3241237520817584,4.440645342716282,High,2.1968317091866547,Completed on time,Same as estimated,High,High
Assignment,Optional,2.740681335746653,106.17794925970236,3.1432721638053587,2.761710684042208,High,3.458405898684589,Completed on time,Much more,Low,Low
Assignment,Optional,8.913433278566647,114.78557199151652,2.746096170917778,4.871291504942838,Low,4.362391630390773,Started but not completed,Much more,High,High
Revision / Practice,Optional,8.566327070780106,116.3034983834557,4.053053846616109,4.076124174220546,Medium,3.184506700981596,Did not start,Slightly more,Low,Medium
Exam Preparation,Optional,0.6859657330213742,82.16901077124535,1.8894467863519147,2.947302144979071,Low,1.2940879491050223,Completed but late,Same as estimated,Low,Low
Reading / Notes,Optional,1.8187349612348402,81.2382519399296,2.2481777890634542,2.265459351464136,Medium,3.7086567928135636,Did not start,Much more,High,Low
Revision / Practice,Secondary,9.466042586134106,119.21770021019302,2.055422679486934,1.695867969208133,Medium,3.433788078535016,Completed on time,Slightly more,Low,High
Project,Optional,1.2661069486418253,63.00338112828142,4.760133159240529,1.9460455033639912,High,1.8581802284585054,Started but not completed,Same as estimated,High,High
Project,Optional,13.919798784418669,78.15948729366158,1.2918538127956958,3.0468824735716664,Low,1.0157892192113578,Started but not completed,Slightly more,High,Low
Assignment,Secondary,5.533333230158009,116.12363556164567,1.9552548207513816,4.580374249399473,High,4.845787427091342,Completed but late,Same as estimated,Low,High
Project,Core,14.843847945733032,76.17515524385084,2.549605725453519,3.7483692434231277,High,4.588374166680682,Completed on time,Much more,Medium,High
Revision / Practice,Optional,6.448850910221409,62.01149313796545,3.7737555801963354,3.163736832869075,Low,1.1378158195051533,Completed on time,Same as estimated,High,Medium
Revision / Practice,Secondary,3.1855128962455814,88.20326647207139,3.770768919577169,1.036830125590479,High,4.8869425206517505,Did not start,Less than estimated,Medium,High
Reading / Notes,Core,14.331068223189256,101.5584092935016,2.2762737406950944,4.903916522006911,Low,3.6113974330984377,Did not start,Same as estimated,High,Medium
Revision / Practice,Secondary,18.230525626229795,54.460712894706134,2.128890948448138,2.792291683708726,Medium,3.0303649763633316,Started but not completed,Much more,Medium,Low
Reading / Notes,Optional,17.544975633776044,86.36499705374246,2.5387340633432625,4.553613489991255,Medium,2.3695240476032122,Started but not completed,Slightly more,High,High
Exam Preparation,Optional,18.201758136288454,115.1994244867424,1.311985955464304,4.612830797941653,Medium,4.886122972750167,Did not start,Much more,High,High
Assignment,Optional,8.895714873848261,77.40588696453018,2.481972282940472,4.854386913795181,High,2.866486303299959,Started but not completed,Less than estimated,High,High
Assignment,Secondary,8.916124553404845,100.64775039202367,1.0371854402824887,3.956316320648977,Low,2.874882260061949,Completed but late,Less than estimated,Medium,Low
Revision / Practice,Secondary,14.483501802931274,105.75128506231388,1.9660307186842232,1.7492350412050084,Medium,3.2534116402310604,Started but not completed,Slightly more,Low,Low
Project,Core,15.860941928246477,30.979598277233205,1.0507332970019712,4.379270935566884,Medium,1.5275173001120632,Completed on time,Same as estimated,Medium,High
Project,Secondary,19.903474436580538,49.857669597160395,3.606401901376637,3.0979382243717297,Low,1.1154176841399162,Completed on time,Slightly more,Low,High
Reading / Notes,Core,11.76431613109867,109.81258181558343,3.70422152277423,2.6163898426283265,Low,1.480829101560277,Completed but late,Less than estimated,High,High
Assignment,Core,9.23409578389383,116.93241795756447,1.0439953059384224,4.2969641866564245,Medium,4.328405338008208,Did not start,Much more,Low,Low
Project,Optional,0.8399969705467791,79.91605311169681,4.377088689148648,2.315363546377674,Low,1.1628319460341077,Did not start,Much more,Medium,High
Assignment,Core,9.971961638543101,92.7737227586991,1.4300363333027781,2.2959494509426897,High,1.4912367792689358,Completed on time,Slightly more,High,High
Assignment,Core,1.8095858240011786,98.80349949984232,1.5195204766794177,3.4106678139625455,Medium,1.723032078500593,Completed on time,Less than estimated,Low,High
Assignment,Secondary,3.579785559887829,46.5572766817216,4.5145881045684835,1.01976609608985,High,4.714585420748768,Completed but late,Much more,Low,Medium
Project,Optional,0.1938000333526002,110.56739707825734,2.5775812356901104,3.253166595093452,Low,3.12402642089228,Completed but late,Slightly more,High,Medium
Exam Preparation,Secondary,3.126394083495989,30.6234742225295,2.8636215338265036,4.038015856360534,Low,4.2863142842222075,Started but not completed,Same as estimated,Low,Low
Exam Preparation,Secondary,1.4146521387258093,48.57564485379689,2.561402627419737,4.091068415442835,Low,4.962424301709145,Started but not completed,Less than estimated,Low,High
Revision / Practice,Core,12.018026247769658,87.89034280773521,4.931954665216821,3.005491357103064,Medium,2.2157546762800187,Did not start,Less than estimated,Medium,Low
Assignment,Optional,1.8135323901399514,84.29440941351747,3.2936816219401677,2.1006783827235735,Low,1.99865094869241,Did not start,Less than estimated,Low,Medium
Assignment,Secondary,19.380672922982274,72.89278358707743,2.073480987078342,3.018419957196553,Low,1.077891156368731,Did not start,Less than estimated,Medium,Medium
Exam Preparation,Secondary,2.7539704785517816,53.7013998417263,4.870700653763049,3.37572278071728,Medium,4.876614821111137,Did not start,Much more,Low,High
Exam Preparation,Secondary,16.524084987167264,43.69402827477902,4.600941170478249,4.787372239445828,Low,2.9123205766267013,Did not start,Less than estimated,Medium,High
Exam Preparation,Secondary,3.75010415731434,79.85561776442874,4.3772302405981405,4.314870508799427,Low,2.40150370074914,Started but not completed,Slightly more,Low,High
Exam Preparation,Secondary,14.014869773527467,94.2802386398913,1.6930892388544176,1.9607728084265421,Low,4.9848645297403475,Completed but late,Slightly more,Low,High
Assignment,Secondary,19.299635089229923,118.16518536052483,1.843195724143731,3.566233198175116,Low,1.8957571621255687,Started but not completed,Much more,Low,Low
Assignment,Secondary,9.021466149529463,45.42039418583952,3.1578898989558306,2.6810938779719464,High,3.8168739609765563,Did not start,Much more,High,High
Assignment,Optional,0.9306928616418686,109.22650767748115,3.073763585234962,1.310577254060553,High,2.1884782480856595,Completed but late,Slightly more,Medium,Low
Project,Core,4.508896940362241,78.7825457410341,3.0843196355466453,2.046839632601083,Low,2.1873331159437917,Started but not completed,Much more,High,Low
Exam Preparation,Core,8.353332630313275,76.93641825903151,4.2925940856222535,2.5106262208621932,High,2.0548103600187257,Started but not completed,Slightly more,High,High
Project,Optional,19.843638831190656,112.53989887853959,4.793480371422225,4.155353403854642,Medium,2.7518529239098513,Started but not completed,Less than estimated,Low,Low
Reading / Notes,Optional,8.649368688223397,93.02359231481947,3.0523292389756667,2.7285018478114234,High,2.5487831190659422,Completed but late,Same as estimated,Low,Medium
Reading / Notes,Core,8.156633965596553,51.529052207942286,1.9988927402012915,1.9771648827759418,Medium,4.2201860743084625,Completed but late,Slightly more,Medium,High
Revision / Practice,Optional,6.422737494492903,89.22497775423253,2.182217174842301,2.602245313213368,Medium,1.5451998353598224,Did not start,Same as estimated,High,Medium
Exam Preparation,Core,0.2712725189915166,73.8049767766368,2.6786931899245605,4.519552022365545,Low,2.0064839765631506,Did not start,Much more,Low,High
Project,Secondary,14.465403197296638,68.63329764577327,1.2001581539443262,4.048197122680221,Medium,2.2885227616104413,Completed but late,Slightly more,Low,Low
Project,Core,14.47359786119182,45.07546905075335,1.9196698908929717,2.921297109998015,Medium,2.665519947138165,Completed on time,Slightly more,High,High
Reading / Notes,Secondary,16.646324737494183,74.96776842505353,3.154424820673755,1.0528085254634534,Medium,2.7742127370263963,Completed on time,Same as estimated,Medium,Low
Exam Preparation,Optional,17.56360311691994,82.16227373584502,4.939565151091152,3.567256797833267,High,2.9590569021840816,Did not start,Much more,Medium,Medium
Revision / Practice,Optional,17.248165754048543,49.185386320658125,2.933989445997232,2.9062832970066608,High,3.737665655775965,Started but not completed,Much more,High,Low
Revision / Practice,Secondary,1.8301256561061852,106.51134341677025,3.8797369583382704,1.1407993475528073,Medium,1.6321272189317573,Completed on time,Much more,Low,Low
Revision / Practice,Optional,4.116507349794514,59.27208083505418,1.937370543632245,3.8021520208557242,High,2.5261241120580173,Completed but late,Same as estimated,Low,High
Reading / Notes,Optional,0.08407886247200347,47.73996279072725,2.2367168986911072,4.015168587693209,Low,3.6415032489020787,Completed but late,Less than estimated,Medium,Low
Reading / Notes,Core,6.443564920210991,51.48330238595072,2.1740057748253556,4.251888850198254,Medium,1.3778078512838885,Started but not completed,Slightly more,Low,High
Reading / Notes,Core,10.05308432863634,45.673710676525204,1.1288912446839898,1.74598220572511,Medium,2.3814502538270554,Completed on time,Less than estimated,Medium,High
Reading / Notes,Optional,5.913673143560687,98.19570405128725,3.666549574181159,2.063615329615964,Medium,3.935236070122228,Started but not completed,Less than estimated,Low,High
Assignment,Optional,19.587607396672674,91.8981929384541,2.3300186374633025,2.7123929636720447,Medium,1.3884607599918102,Did not start,Same as estimated,Low,Medium
Exam Preparation,Secondary,15.633537706684857,33.947122009458035,2.555892720089139,4.041586607303419,High,1.9381799808156654,Started but not completed,Slightly more,Medium,High
Project,Secondary,18.870736409855546,56.55894528863748,2.1184214791731413,4.787495498890742,High,3.426262022179151,Started but not completed,Much more,High,Low
Exam Preparation,Secondary,17.06318336738647,77.38542979416542,3.0983554725060154,1.945067461230133,High,4.201928833419306,Did not start,Less than estimated,Medium,High
Exam Preparation,Secondary,5.390179859232218,83.07351119952978,2.6720432248002166,2.391531446714812,High,1.6969550894371186,Completed on time,Less than estimated,Low,Low
Project,Core,3.7141993911861593,77.57185197578534,3.0073955863410555,4.809118196662018,High,1.3376311512655774,Completed but late,Less than estimated,Medium,High
Assignment,Optional,3.4674274527684057,118.27535571783571,4.856396648614476,1.268447228147676,Medium,1.1058395307993956,Completed on time,Much more,Low,High
Assignment,Core,10.810014985396956,34.31951772487804,1.2868920355780888,4.456429484235114,Medium,2.0392507113828153,Completed but late,Much more,Low,Medium
Revision / Practice,Optional,0.611824412818982,44.39988938624498,3.7801944940455185,2.1795147758920193,Low,1.300091040197167,Did not start,Slightly more,Medium,Low
Revision / Practice,Secondary,16.373102267455167,101.11368033206885,2.120266454116592,2.8921180229019385,Low,2.8182899216141983,Completed but late,Much more,Medium,High
Revision / Practice,Optional,9.642939344166855,109.49197035031659,2.290498459151125,2.7185714612617575,Medium,1.8165027094673714,Did not start,Same as estimated,High,Low
Reading / Notes,Secondary,17.979188367005,52.74739257368077,1.5640251507082619,4.2968923019790495,Low,3.811466383358058,Did not start,Much more,Medium,High
Reading / Notes,Secondary,13.518002002473802,78.3883959280186,4.312940721614205,1.8448943507744864,Low,2.3568468268557505,Started but not completed,Much more,High,High
Assignment,Core,19.502605450677205,41.84386519890766,4.181900912452003,1.1962825068011456,Low,3.2266129056819457,Completed but late,Slightly more,Low,Medium
Revision / Practice,Secondary,8.550667227652088,75.49605295958582,2.4268880351808475,4.007229580347012,Medium,4.618119403755796,Completed on time,Much more,Low,Medium
Reading / Notes,Optional,15.476939454296852,108.61127272102362,4.499298088528381,3.9026939691861937,Low,3.3111941244443295,Started but not completed,Much more,Low,Low
Reading / Notes,Core,6.595901710845766,110.79598515462745,4.228165374328154,3.8787000306482886,Low,1.7302358257793289,Did not start,Slightly more,Medium,Medium
Project,Optional,16.071474748019586,114.0777220029605,3.4249454260938585,4.325022764082606,Medium,1.436227740298588,Did not start,Same as estimated,Medium,High
Revision / Practice,Core,2.524509970925506,51.798799286068245,3.3851267521995627,4.306302706881945,Low,3.3026340783337824,Completed on time,Less than estimated,Medium,High
Reading / Notes,Core,17.166459025074914,90.98847407165903,4.106901327812366,1.352182544136689,High,3.052957263752071,Completed but late,Much more,High,Low
Reading / Notes,Core,19.174559412113034,32.899287817779374,3.02341718270986,2.428106030577732,Low,3.5439183201164086,Did not start,Less than estimated,High,Medium
Exam Preparation,Optional,16.85663635726451,114.88868660656347,1.6072012308649914,3.2687136459622805,High,2.228972680175172,Completed but late,Same as estimated,Medium,High
Reading / Notes,Core,16.440236686787067,44.925536395238304,3.7757175553410796,2.256386925582016,High,2.158337108467267,Completed but late,Same as estimated,Low,Low
Exam Preparation,Core,12.367262049864005,111.31936298298342,3.8171343328495824,1.697148232281553,Medium,3.583917666406858,Did not start,Much more,Low,High
Project,Optional,1.188344455774637,37.731862130005645,2.3127625743772064,4.395370930899956,Low,2.114792739912197,Completed but late,Same as estimated,Medium,High
Revision / Practice,Core,10.965117991581348,111.08915375519659,2.6306970826688576,4.583227004989213,Medium,1.6655049872858951,Started but not completed,Same as estimated,Low,High
Assignment,Core,15.937879829580837,59.70867476444364,2.6423977093227413,2.3967830244108494,Medium,1.882718692273476,Completed but late,Much more,Medium,Medium
Revision / Practice,Optional,16.579520290180387,93.63836682681,1.7167850488803826,3.497080422670042,Low,1.0853928761976381,Completed on time,Less than estimated,Low,Medium
Exam Preparation,Core,5.436984882992908,81.35663985457819,3.615421479820494,3.582024903842007,High,3.8579231407626122,Completed on time,Same as estimated,Low,Low
Exam Preparation,Secondary,11.065194050441928,44.822804444946776,1.9274850598207647,3.885833831391475,High,1.630740589060733,Started but not completed,Less than estimated,High,Medium
Exam Preparation,Secondary,12.619857291964234,57.64535758184796,4.4363134308478145,3.9308591026835527,High,1.5706108650042472,Started but not completed,Much more,High,High
Project,Core,9.785680031010777,89.36929706954625,3.8572775344069625,3.696663852344082,Medium,1.1642687774726026,Started but not completed,Much more,Medium,Medium
Assignment,Core,6.7769291889922645,69.8701784664599,4.214426250728282,4.52746145008736,High,1.1190429564045172,Completed on time,Slightly more,High,High
Revision / Practice,Core,5.764587623758242,103.52259948183207,3.553716470790967,3.3458754830785677,Low,1.0387237019363522,Completed on time,Much more,Medium,High
Revision / Practice,Secondary,4.265927060336301,119.19985279735415,2.442193255033962,2.7193807121559113,Medium,2.179908817765561,Did not start,Much more,Low,Medium
Assignment,Secondary,8.73169743147438,67.87351943374384,1.6769921772489762,2.7722937708005935,High,2.9590004639061394,Completed on time,Slightly more,Medium,High
Exam Preparation,Secondary,9.123309656971033,118.62813904586976,3.9418291624072856,2.3125076625621275,Low,4.656947914909265,Started but not completed,Less than estimated,Medium,High
Assignment,Secondary,11.918306112186674,85.79349668406215,2.662308632956087,4.979327730323392,Low,3.130514491913988,Completed but late,Much more,Medium,High
Exam Preparation,Secondary,4.185583803259325,58.29008900254546,1.5117812748458768,1.8129346419732362,Medium,4.074636357496889,Did not start,Same as estimated,Low,Low
Assignment,Optional,5.037344160991866,100.33550465813792,4.4411399189923575,1.985962556536307,Medium,2.0540856519184487,Completed but late,Much more,High,High
Exam Preparation,Core,4.964745757830917,84.97233647614851,1.9156231889125634,1.9393209294801852,Low,2.237531918265154,Completed on time,Less than estimated,High,Medium
Reading / Notes,Optional,19.48963684914184,47.37063148936293,2.6229399885164137,3.0381510553562343,Medium,1.7789921011451915,Did not start,Slightly more,High,High
Revision / Practice,Secondary,17.83476573281761,64.26839162658132,3.2164512042572504,1.0701383242393807,Low,1.991369576019875,Completed but late,Same as estimated,High,High
Project,Core,2.759290853617986,107.82007013780158,2.2479380537133204,3.213209203037803,Low,1.056919697324453,Completed but late,Less than estimated,High,Medium
Assignment,Secondary,18.733426004041515,99.41952189891099,3.493367553985417,3.012338765490763,Medium,3.7791859902645215,Did not start,Same as estimated,Medium,High
Assignment,Secondary,8.858266986272918,69.01995466998582,3.4357515003910963,1.2391332205983625,Medium,2.0192849912799176,Did not start,Much more,Medium,Low
Exam Preparation,Secondary,3.5309104836493543,36.537662162159506,3.941547831331542,1.265080945570165,High,2.832968003704674,Did not start,Much more,Low,Medium
Exam Preparation,Optional,4.179451038676126,77.56542178083598,3.3788857603270874,1.2157899756081045,Medium,3.2822393720946104,Did not start,Same as estimated,Medium,High
Assignment,Core,1.4500174405189536,94.05787648459902,3.3579665570896053,3.78336725354113,Medium,4.612057189397923,Did not start,Much more,Medium,High
Project,Secondary,17.929728176195614,106.42967596272352,1.123106614030632,1.6392156166748624,Low,2.2118307123814342,Completed but late,Less than estimated,Low,Medium
Reading / Notes,Optional,14.58081430387276,52.72050178561159,3.139527959504772,3.9236697175823863,Low,4.384952719621687,Did not start,Slightly more,Medium,Low
Reading / Notes,Core,6.98712035227744,79.47105112060933,3.1077429187417835,4.770300289365461,Medium,3.9214910597194943,Completed but late,Less than estimated,High,High
Exam Preparation,Optional,17.114605805420265,72.45590289400958,2.535661711642117,2.6252549319070266,High,2.3910383610773085,Completed on time,Less than estimated,Medium,Low
Revision / Practice,Core,2.5416727028530395,75.45862782209747,3.5798897208163716,4.217812718783138,Medium,4.80865287634213,Did not start,Less than estimated,High,Medium
Reading / Notes,Optional,4.689386980931422,106.79648996368286,1.0601377072332387,1.555871893008212,Low,1.4289693569050796,Did not start,Less than estimated,Medium,High
Project,Secondary,3.368774114566657,44.524833242637655,3.630840879305547,1.3834056706919733,Medium,2.926227384500618,Completed but late,Much more,High,Medium
Assignment,Secondary,3.3197697555186045,91.44556013828128,2.8400735604115894,4.834419766326382,Medium,3.790428571155223,Completed but late,Much more,Medium,Medium
Project,Optional,2.1005669673314675,36.019198528959166,1.9362435906728006,1.7517078305654672,High,3.635637565381157,Started but not completed,Less than estimated,Low,Low
Revision / Practice,Secondary,7.144469682976271,111.15616699983539,1.638991632968954,3.2049393832582425,Medium,2.3424028270930304,Started but not completed,Same as estimated,Medium,High
Revision / Practice,Secondary,17.684025538414275,102.9512015414355,2.7229352270353573,3.027216930222826,Low,3.9238285185888584,Completed on time,Much more,Low,Low
Assignment,Optional,19.32169159393454,88.39024481455358,3.318891042024986,2.6046500837571487,High,2.1174859540598194,Completed on time,Much more,Medium,Medium
Exam Preparation,Secondary,5.950651486211385,103.56659971645426,1.4083568860023612,3.8350635084724214,Low,1.811133350022978,Started but not completed,Much more,Medium,High
Assignment,Core,12.3049700684692,82.90747635121156,4.214541882941544,3.499780212668855,Low,4.368512361361683,Completed but late,Slightly more,Low,Low
Exam Preparation,Secondary,10.059065485482275,51.311488038235964,2.373432888654493,3.0684154125107863,Medium,1.4499780393721275,Did not start,Same as estimated,Low,Medium
Exam Preparation,Secondary,7.883302891456497,86.28433143973623,4.734731124537632,4.705354386380886,Medium,4.697955420413094,Completed on time,Slightly more,Low,Low
Exam Preparation,Core,3.6007654643181963,52.849428022660376,3.086105795941804,4.845495761958852,Medium,2.5282597685912362,Completed but late,Less than estimated,Low,High
Reading / Notes,Core,8.25364657260905,51.20395388378071,1.2216339758451396,4.422337332087761,Low,4.773187291370492,Did not start,Slightly more,Medium,High
Revision / Practice,Core,18.38726506115841,68.70356922229541,2.50413586159163,1.0493857237465538,High,3.3154431204131702,Started but not completed,Same as estimated,High,Medium
Exam Preparation,Core,12.80430774215631,73.64592509668111,3.1431342221703042,1.998807615178381,High,3.3092171620231823,Did not start,Less than estimated,High,High
Assignment,Secondary,2.195860783734316,44.16613079124305,3.7362391391729264,4.580210284249279,High,2.6996940402601353,Completed but late,Much more,Low,Medium
Reading / Notes,Secondary,17.339852704021574,34.4491458023744,3.108631644752478,2.557557529766655,Medium,3.722803358356614,Completed on time,Less than estimated,Low,High
Reading / Notes,Core,2.225588185481231,111.74503485034566,1.5642538196334934,2.353708150867893,Low,2.264702947776609,Completed but late,Less than estimated,High,Low
Project,Secondary,19.47199556438448,87.95328760817478,4.211485544953952,4.791519834916271,Medium,4.855714539910865,Did not start,Much more,Low,Medium
Assignment,Secondary,11.170273960969235,74.63571590568176,3.4677469581183753,4.359884353393565,Low,4.765722930563074,Did not start,Less than estimated,Medium,Low
Assignment,Core,1.964139188429339,102.50336051489701,4.899535891415285,4.673860023079111,High,3.5517414951767385,Did not start,Same as estimated,Low,High
Reading / Notes,Optional,11.625740185515774,70.53226446215541,3.9222244962986093,1.2832070246241942,Medium,4.335521480068392,Started but not completed,Slightly more,Low,Low
Project,Secondary,7.507519667147362,34.609961764140635,4.984681306241766,2.8642550996279272,High,3.449209986562678,Completed but late,Same as estimated,High,Low
Assignment,Core,8.003313496596702,75.54544061116499,3.8685139211487622,2.948229958140019,Medium,1.2763062440067023,Completed on time,Less than estimated,High,Low
Revision / Practice,Secondary,15.056019707244857,103.86077502260086,2.4516816007184454,4.351874617536069,High,4.171322101620142,Completed on time,Less than estimated,Medium,Low
Exam Preparation,Secondary,0.6391506911826395,100.43399997862942,3.3815501974075755,4.318967520100147,Medium,4.890125924762426,Did not start,Slightly more,Low,Low
Project,Core,11.7878503837902,44.49538815464337,3.241796769033803,4.406622982730342,High,1.2474825446363922,Started but not completed,Less than estimated,Low,Medium
Exam Preparation,Secondary,11.882205875165111,105.2299730635342,1.9377599188327097,3.6880691451565633,Low,4.588377371713076,Completed on time,Less than estimated,Low,Low
Revision / Practice,Optional,17.683594487535373,45.39071301626166,1.694308619630227,4.666554930364009,Low,2.355241502452341,Completed but late,Less than estimated,Low,Medium
Assignment,Secondary,7.348555149764864,34.54933744512399,4.8543187373567225,4.191754017169876,High,3.764457902593107,Did not start,Less than estimated,Low,Low
Exam Preparation,Secondary,2.7145848174451115,59.54690499713993,1.2058902451512892,3.7177969760658782,High,3.161159620909205,Started but not completed,Same as estimated,Medium,High
Assignment,Optional,19.187684812392682,80.84080030932472,3.0184044430806187,4.703176894921913,High,1.5224463731520887,Completed on time,Much more,Medium,High
Project,Secondary,10.357391590433945,45.40663305517518,1.8785052452318904,1.5241549431975292,High,3.0639406701734373,Did not start,Less than estimated,High,Low
Reading / Notes,Optional,13.79962478355311,113.19122825058949,1.0283402492294358,1.0404383437254343,High,3.1957258814618217,Started but not completed,Slightly more,High,High
Exam Preparation,Optional,17.20874376420636,53.891697979340144,1.0951685917486835,3.2805131164975556,Low,4.920214062218744,Did not start,Less than estimated,Medium,Low
Exam Preparation,Core,1.4447630399648759,94.42498215588218,4.46000387542722,1.1054673996891111,Medium,1.8409442961231428,Completed on time,Slightly more,High,High
Assignment,Optional,12.486364704755424,48.44121675434755,4.774648473923886,2.254714593268818,High,1.4343009889046185,Completed on time,Same as estimated,Medium,High
Exam Preparation,Secondary,8.228506584749427,42.22227252656157,2.850465279657138,4.166062198636444,Low,1.6802609390771561,Completed on time,Same as estimated,High,Medium
Exam Preparation,Secondary,12.87796702683399,76.58804729981853,1.657256932165001,1.3652855941425726,High,2.917288715222514,Did not start,Same as estimated,Low,Medium
Project,Secondary,8.866109714414263,87.77595909185857,4.543774870219014,3.6638896245127577,Low,1.6062002287128485,Completed but late,Less than estimated,Low,High
Assignment,Secondary,1.629718180739459,52.765673493742334,1.212055455862206,1.2007582775242773,High,2.762011852628449,Completed but late,Slightly more,High,Medium
Project,Secondary,2.2979021734610705,108.71259651337228,2.0341727806140497,2.4003595993261286,High,1.8549396492204138,Did not start,Same as estimated,High,Low
Exam Preparation,Optional,1.4981334990102169,116.23824232182672,3.9197228615078727,4.98120790085438,Low,2.6110910997926946,Completed on time,Slightly more,Low,Medium
Reading / Notes,Core,9.248530987032023,118.74461750151247,4.9342389062215,2.73706714713099,Low,2.2630496442317503,Completed on time,Less than estimated,High,Low
Revision / Practice,Core,4.100879356595611,62.03763951058187,1.5959777450817438,1.716526483696263,High,1.288584718808146,Started but not completed,Same as estimated,High,Medium
Exam Preparation,Optional,0.1738769726637912,113.15193346528002,3.3796290490199508,4.396256087269396,Low,1.873144780474664,Completed on time,Less than estimated,Low,Low
Assignment,Secondary,5.568735075250184,35.05346660431729,1.7255243559703932,4.769884946349027,High,2.6118233411286402,Completed on time,Much more,Medium,High
Assignment,Optional,9.063613293504442,110.25781566734624,2.8574963884722986,1.8961069732141795,High,3.923191703893193,Did not start,Less than estimated,Low,Low
Assignment,Core,8.600282621767107,114.26937225782788,2.7656510675377723,4.018296331491633,High,1.06582180552825,Did not start,Less than estimated,Low,High
Revision / Practice,Core,4.684307126368621,34.79821411354569,4.333633474639868,3.692261029627651,Medium,2.255348933638885,Started but not completed,Less than estimated,High,High
Project,Secondary,6.348716000665815,101.16791579591067,3.901116997073687,4.810472302216187,Low,4.976755956703714,Did not start,Much more,Low,Medium
Reading / Notes,Core,1.225588090987051,68.44314701866162,3.290668312917498,2.4023229611482155,Low,3.617966334207622,Started but not completed,Same as estimated,Medium,High
Revision / Practice,Core,13.294544774364585,62.3596397786339,4.271639639248992,2.7971115084904117,Medium,4.6532697441594895,Did not start,Much more,High,Medium
Exam Preparation,Optional,16.464110176300863,30.500177051658184,2.010028480077761,4.542147727883712,Low,3.7419727255020128,Completed but late,Less than estimated,High,Medium
Assignment,Core,1.838899687526272,52.70727834962447,3.265210147120661,2.864801492431128,Low,3.9057181028176924,Started but not completed,Much more,Medium,Low
Reading / Notes,Optional,3.3143107872528987,41.21193862845433,4.096054317388477,1.4366704490121527,Medium,4.358241387530013,Started but not completed,Same as estimated,Low,Low
Project,Core,18.423663038668586,80.69451055292478,2.339374343898573,4.3099958832099325,Low,1.026205221600915,Did not start,Much more,Medium,Low
Reading / Notes,Secondary,2.009334974064818,53.84886321613797,2.000299626157143,2.786071737969419,High,1.837291042945877,Started but not completed,Same as estimated,High,Medium
Reading / Notes,Optional,12.128193887593913,98.8086941128248,3.6131016741929063,1.729948021488775,Medium,4.708294766780426,Did not start,Less than estimated,Medium,Medium
Reading / Notes,Optional,6.072835276870219,60.48890793911724,1.0801588310301118,4.677268273425375,High,1.8756542478843934,Started but not completed,Same as estimated,High,Low
Revision / Practice,Core,6.696052287796228,112.14013250502204,4.269515848053807,1.7981948781670645,High,2.750002031663705,Completed on time,Same as estimated,High,Low
Assignment,Core,15.883475452420877,82.30891406585808,1.7655735190471304,1.3178488799086283,High,1.681178208439702,Completed on time,Same as estimated,High,High
Exam Preparation,Core,19.38974475016067,94.9162882516196,1.6749060950695127,2.1275177684882705,Low,2.826639457740531,Completed but late,Much more,High,Low
Reading / Notes,Core,10.23714635848647,40.3779634331858,3.1910126510035743,2.5052353256362143,High,2.48734717008638,Did not start,Much more,Low,Medium
Project,Optional,13.730522900378165,113.495333720085,4.389571479126072,1.7923341266836283,Low,1.1798786946234832,Did not start,Much more,Medium,High
Exam Preparation,Optional,15.575290583521193,111.6109494354782,2.6766023371083576,4.514542123498009,Medium,4.811075204125226,Did not start,Slightly more,Medium,Low
Revision / Practice,Optional,10.67269214546689,42.788983493557254,3.6317326409565136,2.179823019915178,High,4.3833674863095515,Completed but late,Slightly more,High,Low
Project,Secondary,12.06190763528751,38.15539577685706,4.013794400472962,3.1632615881244077,High,1.3344898497344513,Started but not completed,Less than estimated,High,High
Project,Optional,7.104402258124553,39.299932728473756,4.894823438364809,4.191456397517699,Low,1.0160750012386162,Started but not completed,Same as estimated,Low,Medium
Assignment,Secondary,13.18109859024975,34.620680359613814,3.48004431524085,1.8289731091725732,Medium,1.9151481423156533,Did not start,Less than estimated,Medium,Medium
Revision / Practice,Core,19.734506957961607,36.33863319845278,3.248841655189503,2.129758404801811,High,4.668180718908992,Completed on time,Slightly more,Low,High
Reading / Notes,Optional,18.994642614034927,119.72679099579076,2.131524383114997,4.686822750418564,High,4.15670164543487,Completed but late,Slightly more,Low,Low
Project,Optional,9.789087663644123,50.30664609890982,1.8921434139135407,2.404473969004335,Low,3.6912114907845104,Completed but late,Slightly more,Medium,High
Assignment,Optional,6.426181384044223,50.910341515902424,2.5084486836593123,3.1574502325981935,Low,1.2765153353087082,Completed on time,Slightly more,Low,High
Reading / Notes,Secondary,13.44900110596681,82.48528265735447,3.879730000205682,1.74462651318784,Medium,2.539383826334922,Completed on time,Slightly more,Low,Medium
Assignment,Secondary,12.731987853106357,90.9700103303621,2.853929582813359,2.4131921877023164,Medium,1.307453521510881,Started but not completed,Much more,High,Medium
Assignment,Core,16.1348288722138,103.5134620502101,2.6655967371976903,4.543726177951029,Medium,4.080307860702002,Completed but late,Less than estimated,Low,High
Exam Preparation,Optional,13.191764446403418,46.6822855419198,4.634511575371652,3.4731608760186186,High,2.0013304335808675,Started but not completed,Same as estimated,High,High
Revision / Practice,Optional,12.021547088949514,114.85962046183262,2.4454734886794287,1.6495292987332908,Low,4.635599538062154,Completed but late,Much more,Medium,High
Revision / Practice,Optional,14.238111689218492,117.55035736985292,2.1321573925108903,3.3492753327492784,Low,2.260748103658584,Started but not completed,Less than estimated,Medium,High
Project,Optional,6.866811118459115,52.49914299864679,4.0147635648683915,1.9795901633389823,High,4.140843034254331,Did not start,Slightly more,Medium,Medium
Assignment,Core,13.15088784350923,32.195160278908,2.7367522086434994,4.86958705249285,Medium,4.9149788767432785,Started but not completed,Slightly more,High,Medium
Reading / Notes,Core,17.253898319028263,45.679769703137794,2.106164555172667,4.387521125733308,High,1.0223242670383104,Completed but late,Less than estimated,High,Medium
Project,Core,7.965056004584794,105.84424740476035,1.7483798794996122,2.7850739101534647,High,2.32845667688637,Started but not completed,Much more,High,High
Reading / Notes,Secondary,19.088278927476953,78.9694870526878,2.198645146475756,3.2829707007653046,Medium,1.9721158373503989,Completed on time,Slightly more,Medium,Medium
Reading / Notes,Core,18.70631503272753,97.77116444562735,3.195306779611925,1.337761364076869,High,2.237056611327761,Completed but late,Slightly more,High,High
Reading / Notes,Optional,4.167326648131143,84.49937398897004,1.8248207846635678,1.5675430104656476,High,1.7836399282002855,Completed but late,Slightly more,High,Medium
Revision / Practice,Secondary,3.3864865206779937,88.03344584439277,1.1908189981803377,2.890976747195121,Low,4.947819244723119,Started but not completed,Slightly more,High,High
Reading / Notes,Secondary,3.288915829077208,59.375078590238786,1.7101931210841816,4.517366751108046,Low,2.7762153157849907,Completed but late,Slightly more,High,Medium
Revision / Practice,Secondary,6.272790936164645,41.975910777766046,1.6117693882041997,3.5132582165590094,High,3.2763255803138334,Did not start,Much more,Low,Low
Exam Preparation,Secondary,7.938721121372905,34.06835653553293,2.1598487781693283,3.157002865295612,High,4.598019822309682,Did not start,Much more,Medium,Medium
Revision / Practice,Optional,6.881781983977975,56.63235357742737,1.3940940221324922,1.222441475265133,High,2.2937287609783756,Started but not completed,Same as estimated,Medium,Medium
Revision / Practice,Secondary,8.632880825771089,58.71678842861445,4.052819667969294,3.7414811289325893,Low,2.4402180078084683,Started but not completed,Slightly more,Medium,Medium
Assignment,Optional,6.711193479059192,72.49650727617706,1.716249539862499,4.097347615696011,Medium,3.4657719460028646,Started but not completed,Same as estimated,Low,Medium
Exam Preparation,Secondary,8.052810995042485,94.48783959605841,2.6286318883175066,4.84936362447136,Medium,3.0198048608793835,Started but not completed,Much more,Low,High
Reading / Notes,Optional,5.834242298928967,103.12831081189093,4.776406714283048,1.8980310222372343,Medium,3.600859308856534,Completed on time,Much more,High,Medium
Reading / Notes,Secondary,11.33002989285945,89.47284882671514,1.4157194648422844,2.1180514653560163,Low,2.2595587703899813,Completed on time,Much more,Low,High
Assignment,Core,5.958751164123727,76.83094774853396,2.7119865313912292,4.785227410069927,Medium,4.1592890100717845,Completed on time,Same as estimated,High,Low
Revision / Practice,Core,3.0454706336317283,54.66276484662761,2.128597826690031,4.5461434902657185,Low,3.261831313264788,Completed but late,Much more,High,Low
Project,Core,13.460334679069966,57.669924222477846,1.8611282378704206,2.4831794743509676,Low,1.4837096018629916,Started but not completed,Less than estimated,High,Low
Revision / Practice,Secondary,11.686736923317211,102.34837286283602,2.547348585129323,2.0110795489939206,Low,2.2961026124630006,Started but not completed,Much more,Medium,Medium
Revision / Practice,Optional,2.2329743914111,93.46378021736535,4.793477254769775,4.342462065023588,High,4.343169565119524,Completed on time,Same as estimated,High,High
Project,Optional,9.983471290977464,63.618792152014485,4.87266817857369,3.9412546739914025,Medium,1.9542050714982397,Started but not completed,Much more,Low,Low
Revision / Practice,Core,19.563010092309476,73.18683082789414,2.5221079275656377,3.448471578438116,Low,3.765567193952251,Completed on time,Much more,Low,High
Assignment,Secondary,8.578618156212954,101.54485022765795,3.547307414420894,2.354912068079948,High,1.812791736999388,Did not start,Slightly more,Medium,Low
Exam Preparation,Secondary,1.7572414975879402,61.56413689431918,1.534711406625993,1.6320686319529436,High,2.5914283009097683,Completed on time,Less than estimated,Low,Medium
Exam Preparation,Core,10.609383667719367,96.93668689498371,4.1435819857742064,3.0543547753069933,High,4.409796278785217,Started but not completed,Less than estimated,High,Low
Project,Secondary,14.44156264714303,64.41473534663459,3.074635912662256,2.764786844708938,High,2.750842304420525,Did not start,Same as estimated,High,Medium
Assignment,Core,10.804174950334186,58.8398832976535,4.250847746453406,2.6255420277759103,High,3.16642580519208,Started but not completed,Much more,High,Medium
Exam Preparation,Secondary,6.177214958196298,30.99836984558673,4.158447321670588,3.8128470969545063,High,4.891137386167006,Did not start,Much more,Low,Low
Revision / Practice,Secondary,0.4232593515398242,62.59068138340518,4.903725213153788,1.7404971480160696,Low,4.957731624508412,Completed but late,Same as estimated,High,Low
Reading / Notes,Optional,19.714788274914497,77.17229454630868,1.487184621181461,3.9824588991470486,Low,3.3095625709755776,Completed but late,Much more,High,High
Reading / Notes,Core,17.03289072429652,63.19958625599907,4.243367814945694,1.171239719192665,Low,3.5710845881507387,Did not start,Much more,Medium,Low
Exam Preparation,Core,10.815751171639132,108.44718772061869,3.4845990824670845,1.384275007773645,Low,2.130158637647947,Completed but late,Slightly more,Medium,High
Project,Secondary,12.693311307289012,70.91311298970045,1.3589094476911523,4.859334235728554,Low,4.851493840782436,Completed on time,Slightly more,Medium,High
Revision / Practice,Core,12.35819404009326,52.15516198378208,2.9808921028520277,4.074813618154783,High,2.179686308307522,Started but not completed,Less than estimated,Medium,Low
Revision / Practice,Core,2.3155689241170063,50.634328554972555,4.2655136972673064,2.764527375679125,High,2.3502116661198955,Completed but late,Less than estimated,Medium,Low
Reading / Notes,Core,19.385375474046906,101.14860928610439,1.0674006206250315,1.625037722899941,Low,2.415678334144683,Did not start,Same as estimated,Medium,Low
Reading / Notes,Secondary,7.873571774763509,53.19186358420322,4.260390751657185,2.9925430797195647,Low,2.866476151104394,Completed but late,Much more,Low,Medium
Assignment,Optional,6.627872572001008,78.65080804901623,2.760446300492953,4.649566222414496,High,2.4465197451422505,Completed on time,Much more,Low,High
Revision / Practice,Core,14.874048611091897,103.72612980861959,1.0508122762681622,4.59299143760035,High,4.0552102871396745,Started but not completed,Slightly more,Medium,High
Revision / Practice,Optional,4.659301425895224,119.26394376638947,4.17354643471863,1.2466314296786485,High,4.495734700238619,Completed but late,Much more,Low,Medium
Exam Preparation,Secondary,16.85557408227013,70.63476557344586,4.834234839562221,1.1817979291245786,Medium,1.8763695771101778,Did not start,Slightly more,Medium,Medium
Revision / Practice,Optional,16.826785525190814,46.61227993356326,1.480090424632707,4.217675585203192,Medium,3.302413855704542,Completed but late,Same as estimated,Low,Medium
Reading / Notes,Core,3.961437935380847,104.37839448216103,3.671062755124007,2.4451396369704463,High,2.168984080456919,Completed on time,Much more,Low,High
Exam Preparation,Optional,19.42223545836167,54.38740280349607,3.511734640023062,3.2245598501373136,Low,4.125574079994413,Started but not completed,Same as estimated,Medium,Medium
Project,Secondary,3.147754482559204,117.34496887882781,1.8310482517540456,2.7682945733365614,Low,2.419583357228519,Completed but late,Less than estimated,Medium,Medium
Exam Preparation,Optional,12.671723044311845,83.36567754826027,2.0177627658120576,4.691428470629831,Medium,2.7600573316913737,Started but not completed,Same as estimated,Low,Medium
Assignment,Core,16.803846668358954,35.867887697838796,3.2663950806109994,3.138896590387671,Low,1.3125018666900528,Completed on time,Slightly more,Medium,High
Assignment,Optional,10.95664692137927,63.05683075317242,3.5081586605531987,2.253317978886847,Low,1.422818989735752,Completed but late,Same as estimated,High,High
Exam Preparation,Secondary,2.5718819418018635,81.84310422090212,3.3484121618736924,2.79133496067221,Low,4.834904838147001,Did not start,Same as estimated,High,Low
Revision / Practice,Optional,13.846805921559778,99.94871149555239,1.1337232382361893,3.8371160052574744,High,3.1011151412922846,Completed but late,Same as estimated,Low,Medium
Exam Preparation,Optional,10.458330506597061,79.32384459859853,1.3939106944853834,4.248315487047766,High,1.956141612145808,Started but not completed,Slightly more,Medium,High
Reading / Notes,Core,3.5819842554859638,105.38909991846775,1.4094977587301658,1.6536055662098077,Low,3.6930682943734454,Did not start,Much more,Medium,Medium
Assignment,Secondary,6.772911604436205,74.94648983928164,1.674838251781209,1.8141220151858262,Low,2.5497333042829964,Started but not completed,Same as estimated,High,Medium
Assignment,Core,13.518055966540974,103.97397242361718,1.1681980695509027,1.0358266238529805,Low,2.618712956329755,Started but not completed,Same as estimated,High,Medium
Reading / Notes,Core,6.485940406841628,101.04451628172279,1.0315500485346862,2.643896584991728,Low,4.591607431749313,Did not start,Slightly more,Medium,Low
Reading / Notes,Secondary,2.3118486675652594,106.36750033988184,2.558243423566817,2.812983073010392,High,4.96805216654179,Completed but late,Slightly more,Medium,Medium
Reading / Notes,Core,0.8988022407262841,54.14371174419681,1.9345959243464885,1.7079342411411118,Medium,4.409083710876258,Did not start,Same as estimated,Medium,Medium
Revision / Practice,Core,13.504638297179895,100.00975668477963,2.5560031803039545,1.1623740219480707,Medium,1.5590486516523292,Completed on time,Much more,Medium,High
Reading / Notes,Secondary,8.282002419253606,66.0274997687705,2.814843039727179,1.4293147044445202,Medium,2.0983090531062607,Completed on time,Slightly more,Medium,Medium
Reading / Notes,Core,10.471936799879236,65.12422761581902,2.1141519486208535,1.5730864234994342,Medium,4.973538272186061,Started but not completed,Much more,High,Low
Revision / Practice,Optional,16.523621582505758,93.64199294118825,1.1652595762624762,4.1071940900274235,High,1.487137921455076,Started but not completed,Much more,High,Low
Revision / Practice,Secondary,16.413643046746014,61.53941525708784,4.385413179261446,2.806638181069063,High,2.2927052838836537,Completed but late,Slightly more,Medium,Medium
Revision / Practice,Optional,13.776293161839872,71.72230821258927,3.974240230191118,3.5357703605031827,Medium,4.60096196397901,Completed but late,Much more,High,Medium
Revision / Practice,Core,3.452366423364699,105.73038107387713,1.8140159879766187,2.3144265958692687,Low,2.7869501531024827,Completed but late,Much more,Medium,High
Project,Optional,2.7191293901817115,91.81946888635338,3.1451709589555708,1.2193060170760752,Low,3.5735311751834122,Completed on time,Same as estimated,Medium,Low
Project,Optional,16.404571698540018,110.19473024154264,2.280606997749836,4.179143775235071,High,1.153685766149927,Completed on time,Less than estimated,Low,Low
Revision / Practice,Optional,9.396722458355073,40.02023867048216,3.9859654808023843,4.744406157430937,Medium,4.992345294961895,Completed but late,Much more,Medium,Medium
Revision / Practice,Optional,9.252764970309915,46.02651211963099,3.0553753120523024,3.5581357959413844,High,1.6053572924643182,Completed but late,Same as estimated,Medium,High
Project,Core,6.8615640074574635,52.25657293483329,1.4566659196309746,4.627003313789147,Low,1.6034974334376888,Completed on time,Less than estimated,Medium,High
Reading / Notes,Core,3.6629691204572756,107.6888830263905,3.250399358327251,1.0804026655221093,Medium,2.5125664137054122,Completed but late,Less than estimated,Low,Low
Exam Preparation,Secondary,9.427764013441033,97.1829308576161,3.471642473399589,3.2660285601977024,High,2.641849093483892,Did not start,Less than estimated,High,High
Revision / Practice,Secondary,1.3376235616634546,112.29161440711074,4.740344321572495,3.2092128693686264,Medium,3.966317592848617,Completed but late,Less than estimated,Medium,Low
Reading / Notes,Secondary,13.6126584641149,38.17399783292157,4.947983188057836,2.0948347954631386,Medium,1.3132116070118998,Completed but late,Same as estimated,High,High
Revision / Practice,Optional,14.955955442965896,116.60845568448366,4.4012524697915705,1.8883826284815592,High,1.9813733759028045,Completed but late,Same as estimated,High,Low
Reading / Notes,Core,16.45286124570513,111.4842009209311,4.610139741341619,4.768519786392637,Low,2.5286072225601552,Did not start,Slightly more,Medium,Low
Assignment,Optional,10.804120354776483,106.78625186896926,3.9397868215993035,2.3564718033703573,High,3.7554945244428413,Completed on time,Much more,Low,Low
Revision / Practice,Core,13.35609156849985,39.0656629974002,2.2306921946329688,4.404267678542137,Medium,2.8423140444113653,Did not start,Much more,Low,Low
Exam Preparation,Core,1.0766288478994213,41.49192554623874,4.989807310774101,2.861696029533447,Low,1.732705843237404,Completed on time,Less than estimated,High,Low
Assignment,Secondary,9.575967134468314,53.81326805287465,1.5484735577802917,2.9427640031263684,High,4.476141037546003,Started but not completed,Less than estimated,High,Medium
Revision / Practice,Core,3.4007963319660273,44.52411836854766,3.044624328259475,3.993413424013498,High,3.079639320744151,Completed on time,Same as estimated,Low,High
Assignment,Secondary,6.457964454939187,74.0689189566028,3.4956453511914045,2.785592594188583,High,4.46939799466832,Did not start,Much more,Low,Medium
Exam Preparation,Core,13.560240724117985,85.91039209130697,3.452812497887253,4.7628902737709,Low,2.2954603222519063,Started but not completed,Same as estimated,High,Medium
Revision / Practice,Optional,7.226424386382946,62.586144077157115,1.4211645636908146,4.0498086678386835,Low,3.709946305692511,Did not start,Same as estimated,Low,Low
Project,Secondary,15.811030949989089,79.42164110141157,2.4497157036332746,1.2303923926060882,High,2.0956663715086683,Did not start,Less than estimated,Low,Low
Exam Preparation,Secondary,0.5747099420912094,63.58362683470408,4.768473000712329,1.3600006610538804,High,3.0119025839895976,Completed on time,Less than estimated,Low,High
Reading / Notes,Secondary,3.6032143134147843,41.67289856820416,4.140668866755886,4.0625833717789,High,4.504924969869513,Did not start,Same as estimated,Low,Low
Assignment,Secondary,13.50634802706457,72.53070017765094,4.1374896565139085,1.4256891053621685,High,1.9390422166051051,Did not start,Slightly more,High,High
Reading / Notes,Secondary,11.04659319343446,90.57497803066803,4.210239395176534,4.642597726206315,Medium,4.6110195519312915,Completed but late,Much more,High,Low
Exam Preparation,Core,14.450011960676683,37.44701003810292,4.794495784664389,1.8700350345842582,High,1.970855500591946,Started but not completed,Much more,Medium,High
Assignment,Secondary,6.68008569016342,104.68305169779208,4.910012246877073,4.896565420937244,Low,2.9294298033869084,Completed on time,Same as estimated,Low,Medium
Assignment,Optional,6.777201803645645,34.74353606661113,3.7156698106948554,2.1784612350153605,Low,1.1748746619873827,Completed but late,Less than estimated,Low,High
Revision / Practice,Secondary,8.896904851529062,51.97859327061177,2.2994160766049814,4.6950913372013545,High,4.240274486057665,Completed on time,Less than estimated,High,High
Project,Optional,12.184229332652466,48.74972932507026,1.302896961090597,3.804140649863177,Low,3.4363699667563434,Completed on time,Less than estimated,High,Medium
Project,Optional,15.776611673185673,104.39391522038689,2.8968244925393485,1.2699045198372136,Medium,4.175337353751624,Started but not completed,Same as estimated,Medium,Medium
Revision / Practice,Secondary,1.661685896083931,56.539755469594084,4.981378702172054,1.1267598958278482,Low,2.2228424780346066,Completed but late,Slightly more,Medium,High
Project,Secondary,11.724098805245404,86.4811616680204,3.55359662323116,1.553992352363609,High,4.965489787891585,Completed but late,Slightly more,Medium,High
Project,Optional,2.2400079146467777,56.225137345123805,1.6225940318021728,1.7806466168136632,Low,2.5412097446525177,Started but not completed,Much more,Low,Low
Revision / Practice,Optional,17.386162432560866,107.38764218775316,1.5134997550886076,2.344258475663188,Low,4.298177276345729,Completed but late,Less than estimated,Low,High
Exam Preparation,Core,17.98125133426822,62.481039625159056,2.3854866089452207,2.566195145965034,Low,4.5941418332003945,Did not start,Slightly more,Low,Low
Revision / Practice,Optional,9.729886805329324,68.58159552668617,3.927749681467438,3.634207011483268,High,1.4548941097815278,Completed on time,Less than estimated,Low,Low
Exam Preparation,Optional,12.908113316778492,31.129698411661916,3.4538205346402373,4.163440519053901,High,3.732497526822623,Completed but late,Same as estimated,Medium,Medium
Exam Preparation,Secondary,11.055129593379863,108.9428879002985,1.3294354487454818,4.788436915793202,High,2.1306044763490033,Completed on time,Slightly more,High,Low
Revision / Practice,Optional,12.699666555170204,39.49398982528804,1.4585148829708428,1.2206031676371163,Medium,2.7637928416894537,Started but not completed,Slightly more,High,Low
Revision / Practice,Core,5.463576062795195,65.84016779768012,1.3511790305586024,3.372251937020748,Low,4.210882829316406,Completed but late,Less than estimated,Medium,Low
Revision / Practice,Core,4.23753453090341,57.992845723077416,2.592329416402045,2.2144618227823742,Low,1.0084763080079928,Completed but late,Less than estimated,Medium,Low
Project,Core,12.704181340961922,60.94105364024166,3.5630289160892255,4.4686361881128045,Medium,1.5971317919020525,Started but not completed,Slightly more,Low,High
Revision / Practice,Secondary,16.3833606521353,47.01682911881152,3.9771434721796193,1.0176004222791732,High,1.9171464543044845,Completed but late,Less than estimated,Medium,Low
Exam Preparation,Core,5.8154369441931,68.30000547590109,3.6000305748996553,3.754403413067784,Low,3.729112680901972,Completed on time,Slightly more,Low,High
Project,Core,3.305550718316763,67.50429124526232,4.085393626920741,2.7264876828850015,Low,2.5400865705122357,Completed but late,Less than estimated,High,Medium
Revision / Practice,Optional,16.985579721267925,43.2386166203775,1.702901183935467,4.963054816390359,High,2.0032780380333355,Started but not completed,Same as estimated,Low,Medium
Exam Preparation,Optional,11.09973787864611,55.089228094466236,2.720012780743716,2.245721614549357,Medium,4.025285929715906,Completed but late,Same as estimated,Low,Medium
Revision / Practice,Core,14.976608716664039,56.39854040888721,1.9712185622488225,4.249080936134588,Medium,4.214111214103932,Started but not completed,Same as estimated,Medium,Low
Revision / Practice,Secondary,4.893788586391548,49.64273766033706,3.633829298683061,4.475360474219435,High,3.587446322859751,Did not start,Same as estimated,High,High
Reading / Notes,Core,14.681680289454766,96.21899432805544,2.232142386625472,2.770877187607742,High,2.3425214498438955,Did not start,Same as estimated,Low,High
Reading / Notes,Core,17.12499869425782,51.34775317946662,1.6029207561785923,3.9361795066409044,High,1.1576402607704526,Completed but late,Much more,Medium,Low
Revision / Practice,Optional,15.608383221514902,112.05996545628231,1.0803793954899694,4.0767331842246985,Low,1.9894512834786866,Completed on time,Slightly more,High,High
Reading / Notes,Secondary,19.07562311450128,82.8736612856118,2.621993875725375,1.2257247934833817,Low,3.2278853255379847,Completed on time,Same as estimated,High,Low
Reading / Notes,Optional,4.776053161386238,98.18472243594434,1.685271657085139,1.686329691608866,Low,2.396316014416942,Completed but late,Slightly more,Low,High
Exam Preparation,Secondary,6.519877834203598,56.78845340042258,3.8669993300750862,4.1222347995610145,High,1.2438359385650477,Completed but late,Much more,High,High
Assignment,Optional,8.386919875301913,50.140444838658865,3.1790579776930494,4.299546876195594,Medium,2.2776581482036846,Completed on time,Much more,Low,Medium
Project,Core,7.130801180565085,109.31193365281418,4.6008559511330525,2.1143912938890126,Medium,4.44898651477777,Completed but late,Less than estimated,Low,High
Exam Preparation,Optional,8.36222658394568,38.37610789279567,1.289107473914651,2.7008376195892194,Medium,4.379761172749664,Completed on time,Much more,Low,Low
Revision / Practice,Secondary,4.323353657243516,67.42432710350215,3.5679814094512565,4.060512945911698,Low,3.9395724969834425,Completed but late,Much more,Medium,High
Exam Preparation,Secondary,9.893837288650731,94.19931404826076,2.8300751747465926,4.319379281448555,Medium,2.823744554928904,Started but not completed,Much more,High,High
Exam Preparation,Secondary,6.197142598528725,68.35226769054053,4.615135906664579,1.3346208864015705,Medium,1.6925406832662482,Started but not completed,Less than estimated,Low,Medium
Assignment,Secondary,5.838716388641028,110.12601819097297,3.8770033613550217,1.128355467517001,Medium,1.6805716406743523,Started but not completed,Same as estimated,Medium,Low
Project,Optional,3.2209086076275772,55.28390798733808,1.5110214062303688,2.136417542513493,Medium,3.1260737208431553,Did not start,Same as estimated,Low,Medium
Assignment,Optional,5.244527111537602,106.91403514158961,2.907887109940718,2.443518065787554,High,2.012166141159067,Did not start,Much more,Low,Low
Reading / Notes,Optional,18.673402799620046,66.99978776633029,1.9373726124670045,1.2665983221051196,Low,2.2239650771371764,Completed on time,Slightly more,High,High
Reading / Notes,Secondary,4.210942992917033,114.71083952524498,3.776319189741101,2.6794317456677925,Medium,4.727309336655793,Completed but late,Same as estimated,High,High
Project,Secondary,11.096168933907904,67.00982031268124,3.4865613309756975,2.351843455855886,Low,1.082805102485053,Started but not completed,Same as estimated,Low,Low
Reading / Notes,Secondary,17.241830709601004,32.06926453151325,1.4648836511981123,2.004799425946651,High,1.4532335573522683,Started but not completed,Same as estimated,Low,High
Project,Core,3.806388922251558,63.32312385980591,2.953123429622714,4.114093036197957,Low,3.537504463417806,Started but not completed,Much more,Low,High
Assignment,Optional,2.3294029697115737,79.152819183862,2.289771288244963,3.150962102844555,Low,2.1866310152420603,Completed on time,Much more,Low,Low
Project,Secondary,3.704008656522313,33.392207925076605,3.5784066410819317,2.116036478516964,Low,4.768805439719332,Did not start,Less than estimated,Low,Low
Exam Preparation,Optional,6.209983989637706,86.30046725397887,2.61826109721646,3.0393035343829014,Low,3.4191236045628988,Started but not completed,Less than estimated,High,Low
Exam Preparation,Secondary,5.430315713798313,101.72757227606635,2.220388596081724,4.415360556306817,Low,4.530461795703937,Completed but late,Same as estimated,Low,Medium
Assignment,Optional,11.301368150260068,47.49765123454759,3.1177814418989223,4.440063930260161,High,1.7061048794252107,Did not start,Less than estimated,Medium,High
Revision / Practice,Core,14.347406986977877,85.09488926521044,3.971043607905803,1.260484672447213,Medium,4.289998507028079,Completed but late,Same as estimated,High,High
Revision / Practice,Core,4.472888193857722,81.43213432894584,3.411753097494163,2.1123483420744718,High,2.650286063974873,Did not start,Slightly more,High,High
Reading / Notes,Optional,15.592947992857148,83.49739393464641,3.4298362418263246,3.8343258959186226,High,1.1447735795070875,Started but not completed,Much more,Low,High
Assignment,Secondary,0.6821677510540636,73.12880802163349,2.161999843152336,1.5481664664663617,Medium,3.2790895791009262,Completed but late,Much more,Medium,High
Exam Preparation,Secondary,0.9744773293779296,104.1598145259246,4.962162478823385,4.587044519402781,Low,4.185256887818786,Did not start,Slightly more,Medium,High
Assignment,Optional,19.192572835803226,60.48014277618435,2.7447308456472617,2.2486759538183776,Medium,4.349447434645345,Did not start,Slightly more,Low,Medium
Assignment,Core,0.2807183337523278,111.09876767411981,4.334121653518176,3.623760907486659,High,3.365366980450306,Completed on time,Less than estimated,High,Low
Project,Core,11.3736575993435,114.29162532537651,2.0590772605617773,1.457331537253062,Medium,4.348461089485136,Started but not completed,Less than estimated,High,Medium
Exam Preparation,Secondary,11.250281182281743,105.25348767467985,4.2997755755890115,4.478080042561008,Medium,3.5238802574028476,Did not start,Much more,High,Low
Revision / Practice,Optional,3.7204386775018317,99.57667273808444,3.528353060171789,2.839090794726013,Low,1.4429768243404606,Completed but late,Slightly more,High,Medium
Reading / Notes,Optional,15.702204792142464,67.54610713026219,2.91184852396853,1.73466291680722,High,4.28602466669302,Did not start,Slightly more,Low,Low
Reading / Notes,Secondary,19.169132010625745,107.42631181483202,2.6781933089620082,2.3692434713412576,Low,3.447277973236263,Did not start,Much more,Low,Low
Exam Preparation,Secondary,19.815576854881513,58.69295781148824,1.7271622912654339,3.5934389664949227,Low,4.255508048445106,Did not start,Slightly more,High,High
Revision / Practice,Optional,15.063992232096128,119.84574873499713,4.575382502227337,1.2908236361138221,Medium,4.343635816671666,Completed on time,Less than estimated,Medium,High
Exam Preparation,Optional,16.684603043481925,100.22717455432438,4.428565371924419,3.9804592341866565,Low,4.850814062644904,Completed but late,Same as estimated,High,Low
Exam Preparation,Optional,3.3107525947379024,53.12210820069409,1.5438953398321673,1.9907976875364595,High,1.0679715994209293,Completed on time,Same as estimated,Medium,Low
Assignment,Optional,19.429025123708257,102.40395633440377,1.6458056188609298,3.3624978369877763,Medium,1.4663489734079618,Completed but late,Same as estimated,Medium,Medium
Revision / Practice,Secondary,7.784848294734479,106.70477865103709,1.3715054884345963,1.0860054817423124,Medium,1.0296215959144481,Started but not completed,Less than estimated,Medium,High
Exam Preparation,Secondary,10.5221990508094,108.32273572361017,1.441889350454269,2.8268062254790305,Medium,2.98161597343517,Completed but late,Same as estimated,Low,Medium
Assignment,Secondary,14.534915170416035,95.6487486714049,1.382394205723374,3.394219018345367,High,1.802293021494671,Started but not completed,Less than estimated,High,High
Revision / Practice,Optional,13.397804604110199,119.64648089465226,2.66416635939002,3.6195080970054683,Low,1.2879666657539244,Did not start,Slightly more,Low,Low
Project,Core,11.096950246084392,67.24199446486705,2.5540864840137334,4.836426488799889,High,3.9697998629373137,Completed on time,Slightly more,High,Low
Exam Preparation,Secondary,13.338978527190035,82.92880414410467,3.895362112407766,1.2613400303211333,High,1.1827502032259463,Did not start,Much more,High,Low
Reading / Notes,Optional,4.468382599974092,84.05420337120219,4.9051870564683835,4.434577424238958,Medium,1.8058951343910166,Completed on time,Slightly more,Medium,High
Assignment,Optional,3.9548503078865194,83.12858720882602,1.747077505064989,3.786116331305106,Medium,4.095988382641099,Did not start,Much more,Medium,Low
Assignment,Core,5.4475977919488905,48.107980445774764,4.897290709914769,4.86534254582835,Medium,3.9848826457895883,Did not start,Same as estimated,High,High
Exam Preparation,Secondary,12.46873502513205,55.733726961570014,4.54996077126453,4.616846211696567,High,2.3427524702021483,Started but not completed,Slightly more,High,High
Project,Optional,7.782692705919936,114.05386695821754,1.205387934736751,1.3399143874967345,Medium,4.03707557093588,Started but not completed,Same as estimated,High,High
Revision / Practice,Core,2.4999476256142894,55.665740411505325,1.4476448360470449,3.50779322171097,High,4.641614576603792,Completed but late,Less than estimated,High,Medium
Exam Preparation,Optional,9.27185678849794,67.38798823513325,2.741874233653098,4.102415426078677,Low,2.783651026510096,Did not start,Less than estimated,Medium,Medium
Project,Optional,7.953701712262092,108.6905947518009,3.7082221809918843,1.8092226412741264,High,3.6679068058998525,Did not start,Slightly more,Medium,Medium
Revision / Practice,Optional,2.3862075247305348,67.21862297928672,2.415740959818017,1.0567101501960692,Medium,2.431114203676085,Completed but late,Much more,Medium,Medium
Exam Preparation,Optional,5.9322145394227395,38.84577774127894,3.231268866566012,3.733735036712996,Medium,2.7297034761329817,Completed but late,Less than estimated,Medium,High
Reading / Notes,Core,17.660087037019377,60.09328741222605,3.2419900721262134,2.228232848235162,Medium,4.250063204077945,Completed but late,Slightly more,Medium,Medium
Assignment,Secondary,3.7753156565810952,87.95805276322346,1.3944671524894345,1.7835248160231352,Medium,1.8975910123206225,Did not start,Same as estimated,High,Low
Revision / Practice,Core,4.509339043805422,112.08917059287954,3.313419192352749,1.177175346317095,Low,2.49059510599976,Started but not completed,Slightly more,Low,Medium
Assignment,Core,4.6706102275559,62.54518693091344,4.7966859761635146,3.378938030189774,Low,3.1813444454268414,Completed but late,Much more,High,Low
Project,Optional,8.14394941583637,60.79021543907964,2.2194922700682604,1.9179273698929418,Medium,1.5311947193188953,Completed but late,Slightly more,Medium,High
Assignment,Optional,7.5257038930319915,92.62561376917594,1.2437731566149406,3.3170774540084476,Medium,2.447184235530374,Did not start,Much more,Medium,Medium
Project,Secondary,12.777987674909584,74.08335265180838,1.8867297941244696,4.134747054036941,Medium,3.359701994481698,Completed but late,Much more,High,Low
Reading / Notes,Secondary,10.67617584586402,81.0990812874843,2.5734553644230282,2.2945100508689764,Low,3.185946417628788,Completed on time,Much more,Low,Medium
Reading / Notes,Optional,3.7623616689073924,108.011485816673,1.4263660966226817,4.719545665914941,High,1.593012038749229,Completed but late,Slightly more,Low,Low
Assignment,Optional,13.969861357612658,103.9492259821673,2.6192648113348014,1.7689103586238613,Low,4.130518451931084,Did not start,Slightly more,Low,Medium
Project,Core,0.7216412824632013,36.596038967236936,4.901751986890185,4.5565660509665955,High,3.3330066828977487,Completed but late,Less than estimated,High,Medium
Revision / Practice,Optional,0.2821721816314082,45.11461022937081,4.576926031965626,1.3355096432179274,Medium,4.837037384177205,Started but not completed,Less than estimated,Low,Medium
Assignment,Core,18.777794086714895,75.69331897989844,1.0534106948594664,4.080821126405557,Low,1.0112086183831575,Did not start,Same as estimated,High,High
Project,Optional,1.7845152962491717,69.25158754970602,2.972103339651541,3.7633595654832446,High,2.2016288172686034,Completed on time,Slightly more,High,High
Assignment,Core,17.268281654200134,95.43173590240163,2.748432007563172,2.787278993014004,High,3.859260427490407,Did not start,Slightly more,High,Low
Project,Optional,11.180602902627022,84.66314851868398,4.662951758101892,2.1839844584852814,Medium,1.2056309488541426,Completed but late,Less than estimated,Low,High
Exam Preparation,Core,6.928045519902284,37.66494882494075,2.0642997923399333,4.070923293510015,High,1.0951262017636836,Started but not completed,Less than estimated,Medium,High
Exam Preparation,Secondary,19.44991486193051,86.68920530482197,1.9757048318748138,1.1415622597595796,Medium,1.520783803225373,Started but not completed,Much more,Low,High
Reading / Notes,Optional,10.296123699425285,111.40630298435528,4.291945230023654,2.9633205786966546,Medium,1.0253575284608418,Started but not completed,Much more,Low,Low
Reading / Notes,Secondary,6.696792510184095,57.392753722957906,3.9021749523222304,4.668604979681765,High,2.8802020324760367,Completed but late,Less than estimated,High,High
Reading / Notes,Core,17.198490473611287,67.97521982841769,3.836545384348641,3.8532446910284963,High,3.680471224421523,Completed on time,Less than estimated,Low,Low
Project,Core,17.138620228855423,114.59581504255178,2.8107098121987426,2.8276409557665363,Medium,2.2981542434676885,Completed on time,Less than estimated,Low,Low
Assignment,Optional,10.699682056207164,66.81768527683343,1.618862832651513,3.9288135249362877,Medium,1.1408181358820086,Did not start,Much more,Medium,High
Assignment,Core,2.7031985889011967,48.81446732943641,3.159770209548693,2.1511247104541744,Low,2.745943300881246,Did not start,Much more,Low,High
Project,Optional,18.84574370547107,49.84159869307418,1.7612085899480343,2.2765249095231836,High,2.0317384202431463,Started but not completed,Much more,High,Medium
Assignment,Core,2.5731340417507553,97.89924889476002,4.117596071561522,4.301499913441969,Medium,3.4365622381332352,Completed on time,Same as estimated,Low,Medium
Revision / Practice,Core,14.391531454647664,65.80676222254314,2.9646941307770973,2.493366108731555,Medium,4.378925561417709,Completed but late,Less than estimated,Medium,Medium
Exam Preparation,Optional,4.2360305239404905,104.29382734523139,2.1594285829489515,3.0534019916315804,Low,2.0417307054301954,Completed on time,Less than estimated,High,Medium
Reading / Notes,Secondary,19.063388518442142,69.67290694697837,1.0710439973666812,1.4564847586247511,Medium,1.6763397184659432,Started but not completed,Slightly more,Low,High
Reading / Notes,Secondary,4.159674292451738,91.22285360895957,4.83538628888284,3.3459957755319,High,4.691565943391722,Did not start,Less than estimated,High,Medium
Exam Preparation,Core,6.2587632704569245,62.4755249811678,3.545094828186882,2.7463011727191535,High,2.082813800096453,Completed but late,Slightly more,Medium,High
Exam Preparation,Core,19.77990564702037,41.091796954308116,3.1921253288451505,1.1326542697379205,Medium,2.9413398341791686,Started but not completed,Much more,Medium,Low
Exam Preparation,Secondary,18.927358249988377,119.25429240696415,3.3079653686979773,2.161438188381873,Low,4.0898313452388475,Did not start,Same as estimated,High,High
Revision / Practice,Core,0.6146731197588329,56.03757514045484,2.749445962137664,3.6677840483746995,Medium,1.4936213033174477,Started but not completed,Less than estimated,High,Low
Reading / Notes,Core,0.6694919668068033,117.92419280348352,4.076821918665963,4.27782862459286,Medium,2.1794092312653266,Did not start,Slightly more,High,Low
Reading / Notes,Secondary,10.150777299845187,72.98167704426129,1.2976653748683655,3.8175571743318217,Medium,4.590834076665365,Completed but late,Slightly more,Low,Low
Assignment,Core,3.532688504267063,88.21738750985935,1.642949795254573,4.941928930052971,Low,3.0629477317204286,Completed but late,Less than estimated,Medium,High
Exam Preparation,Optional,10.197140107672764,68.23497654805968,2.954614067999725,4.205091122374464,Medium,3.526885814176524,Did not start,Much more,Medium,Medium
Project,Secondary,8.493468340073452,88.6700866007917,2.045924402824526,4.795799167402961,High,3.893971036729887,Completed on time,Same as estimated,Medium,High
Revision / Practice,Optional,7.294048802951616,48.01056075820747,4.934771978330904,4.965026282042427,High,3.3656030796402923,Did not start,Same as estimated,Medium,Low
Revision / Practice,Core,4.792623053363016,97.40958232680856,3.522099847936555,4.928562301559436,High,4.071078590345912,Did not start,Less than estimated,Medium,High
Revision / Practice,Core,3.3765429442252093,46.09206448527888,3.537093927943548,1.2340863339728405,High,4.653513088083183,Started but not completed,Same as estimated,Medium,Low
Revision / Practice,Core,18.31606794294129,88.67306482456158,3.8379483710660205,3.7253439079191897,Medium,1.816878290853901,Did not start,Same as estimated,Low,Medium
Exam Preparation,Optional,18.28677925865002,46.21162546197688,3.753807611851242,4.3987680381844765,High,3.2142153488769973,Completed on time,Much more,Medium,Medium
Assignment,Core,15.488988377391903,51.98123541368049,1.486127244577593,3.482199380182703,Low,4.206905670688723,Started but not completed,Much more,Low,Medium
Reading / Notes,Optional,19.1972169516972,101.93627528453082,1.1675024196157548,1.6144316187833767,Medium,4.377825080906753,Completed but late,Much more,Medium,High
Project,Secondary,5.601966879491775,62.25713299253049,1.6108448347381463,3.0570498451256745,Low,3.597139131037042,Completed on time,Less than estimated,Low,High
Revision / Practice,Secondary,15.498063514869143,102.55716444592308,4.905335548129948,4.258827069540095,Medium,4.864410211536378,Completed on time,Less than estimated,Medium,Low
Reading / Notes,Secondary,14.022210925603469,59.2859888635762,4.496057611523188,4.851255327249239,High,4.596182812460718,Completed on time,Much more,Medium,High
Revision / Practice,Core,15.31016627333738,49.33187125174384,3.099413125093755,2.0725233454608945,High,2.976429067818806,Completed but late,Slightly more,Low,Medium
Exam Preparation,Secondary,5.404856744012094,45.010684772725384,4.006699911019876,4.6888172169985305,Medium,3.884717175964108,Started but not completed,Same as estimated,High,Medium
Assignment,Core,15.667590983295813,90.96469786664713,1.8862279693501889,1.8691454491145416,High,2.8522876034517055,Did not start,Slightly more,Low,Low
Revision / Practice,Optional,18.611254046604497,92.07245959459283,3.0686319024910755,2.1748323648573056,Medium,3.6382159473629985,Did not start,Slightly more,High,High
Revision / Practice,Optional,18.336526470163694,76.71578810604599,2.5312837920711937,3.8281889256624315,Medium,2.6903673475981944,Did not start,Same as estimated,High,High
Reading / Notes,Secondary,11.850904251126446,35.10502862367508,3.9501755201870536,3.6036523437521697,Low,1.5196461478663372,Did not start,Same as estimated,Medium,High
Project,Optional,3.2885285062982117,40.935366035801636,3.425439659434388,3.0403131791603966,High,3.8595535689034968,Completed but late,Same as estimated,Low,Low
Exam Preparation,Secondary,17.250569900190953,109.64321821260809,4.147796504417084,2.0477655325534485,Low,1.734998337669459,Did not start,Same as estimated,Medium,High
Reading / Notes,Optional,6.29856845191928,38.473865264535604,3.2702964936263945,3.094460547438369,Medium,1.490855890944578,Completed but late,Less than estimated,Low,High
Assignment,Core,2.191587555290566,117.93245908771893,1.8521302782172033,3.2221036575440234,Medium,1.4177578829006778,Started but not completed,Less than estimated,High,High
Assignment,Secondary,16.838888050187002,88.378335970774,3.9635395298330693,4.923420472002693,Medium,1.5291793385495174,Completed on time,Much more,Medium,High
Project,Optional,19.308319151799907,40.86573514817839,3.695755648691854,2.0627962267215185,Medium,1.760822963822363,Started but not completed,Same as estimated,Medium,Low
Assignment,Optional,14.99238993758224,30.205155137770852,4.1608644952544855,2.6240855391499798,High,1.4778158147281077,Completed on time,Same as estimated,Medium,High
Reading / Notes,Secondary,17.735632498840467,84.0286072279054,4.841041675252866,4.273148173830697,High,4.946526151101808,Completed but late,Same as estimated,Medium,Medium
Reading / Notes,Secondary,10.022609371189226,82.18677583096246,1.4826798653677464,3.041684762653207,Medium,4.681322815862435,Completed but late,Less than estimated,Medium,Low
Project,Secondary,4.378622367895484,46.82604787977702,3.3168787169208613,3.1527352566014484,Low,3.262043290288878,Completed but late,Much more,Low,Low
Exam Preparation,Core,0.13267233118301247,93.93274418768738,1.6744512478368851,4.796061008115431,Medium,1.2829927465016682,Did not start,Slightly more,High,High
Exam Preparation,Optional,15.08955763679859,102.11009249653257,3.277408819990358,1.550604370273514,High,4.26803580368192,Did not start,Less than estimated,High,Low
Assignment,Optional,8.180607315632262,93.241214215382,3.741057717384514,2.1519271796234474,High,2.7799759701951823,Did not start,Slightly more,High,Low
Project,Secondary,16.623024033432475,69.29721929510433,4.139848604840818,3.4306321081472055,High,2.0091611696529057,Did not start,Slightly more,High,Low
Reading / Notes,Optional,9.404625050577952,78.56183428802728,3.3306785914484647,2.305104972931321,Low,3.179564309848415,Started but not completed,Much more,Low,Low
Revision / Practice,Secondary,15.984826536068626,97.72014287728112,3.0999741901873334,4.844432146552889,Low,2.0551618658907578,Completed but late,Same as estimated,Medium,Low
Reading / Notes,Optional,19.438787270822917,100.18245323544754,3.4160795107553086,2.0437570040732123,High,2.379507533047966,Completed on time,Less than estimated,High,Medium
Revision / Practice,Core,7.730501230384603,39.832371839984035,4.997006749315789,1.1735423100384827,High,3.5546069698724425,Did not start,Slightly more,High,Medium
Exam Preparation,Secondary,8.319496976363382,107.0161514373778,3.785734694233418,1.522204103078817,Low,2.4568467371176452,Did not start,Same as estimated,Medium,Medium
Project,Secondary,2.3959365569542945,62.33989537176079,2.722143039078483,1.376833910618045,Low,2.2055445043827855,Started but not completed,Slightly more,Low,Low
Reading / Notes,Optional,8.446054814241531,101.01637683470264,1.9388887309680292,4.996348669541825,High,3.6986618939624756,Completed but late,Less than estimated,Low,Low
Reading / Notes,Optional,8.911566961455733,110.49519843684187,4.270315302044649,1.590132082110797,Medium,4.669128349995514,Did not start,Same as estimated,Medium,Low
Reading / Notes,Core,2.0135937145934335,80.12457247844429,4.626480065225191,3.0550220909501773,High,3.3917082468229607,Did not start,Less than estimated,Low,Low
Revision / Practice,Core,0.5736317983782802,60.10150722968765,2.54613040233481,4.10899022963018,Low,1.7084275093140118,Did not start,Same as estimated,Medium,High
Exam Preparation,Secondary,14.216753075238094,97.11563825574419,4.8061619021624296,1.8863090785257364,Low,3.0014938227606427,Completed but late,Same as estimated,High,Low
Reading / Notes,Secondary,1.74353140519671,67.02095558080147,3.388178144109279,1.6421067776630487,Low,2.036401309212889,Did not start,Less than estimated,Low,Medium
Assignment,Optional,11.52053524052331,106.85295473817614,2.89675769402937,2.6095934479043423,Low,1.21516766838837,Completed but late,Less than estimated,Low,High
Exam Preparation,Optional,17.290812356516224,96.17650287781652,4.907217105707482,4.347984827309103,Medium,1.0035644811380973,Completed on time,Less than estimated,Low,Medium
Project,Optional,19.798301357910365,80.13516828968199,3.866881526602793,1.1473697641833986,Medium,1.4501555721506532,Completed on time,Much more,Low,High
Exam Preparation,Core,7.5987308816317345,79.73191980153547,2.730237253816111,2.6674395172039924,Medium,1.4053909950527852,Completed on time,Slightly more,Low,High
Exam Preparation,Core,16.491911503071954,112.4598365769604,1.9254423447901017,3.388036631850798,Medium,1.5107669186387818,Completed on time,Same as estimated,Medium,Medium
Revision / Practice,Secondary,2.795723004760975,108.87753094182273,4.642017449937048,4.49722791788955,Medium,2.5079846604128995,Completed on time,Slightly more,Low,High
Project,Core,4.693589192416954,106.50145478253516,2.5456757177544573,4.910487580951394,Low,1.332128805300972,Completed but late,Slightly more,High,Medium
Revision / Practice,Optional,6.264187875948711,111.577951007445,3.93480155337397,3.859185279878795,High,4.656895086316883,Did not start,Much more,Medium,Medium
Reading / Notes,Core,15.16367296435525,37.99553277917612,2.2117378747011913,4.093677163873438,High,3.139385816378579,Completed on time,Slightly more,Low,High
Project,Core,10.722380077815385,82.21159975222481,4.266516730085208,4.510803327562387,Medium,4.0855766562005,Started but not completed,Same as estimated,Low,High
Reading / Notes,Secondary,12.320841488635212,106.52818034760804,2.9915356880387627,1.85544862328925,Medium,4.84877040580399,Completed but late,Much more,Low,Low
Assignment,Optional,8.354631813738111,65.49568468644887,4.639332937800649,4.354883068821586,Medium,3.443823263753181,Completed but late,Less than estimated,Medium,Medium
Project,Core,9.312140509055215,87.02835339419818,2.721072762049127,3.7812747448368715,High,2.037981970795247,Did not start,Same as estimated,Medium,Medium
Reading / Notes,Secondary,17.47090260349622,47.492841113131774,4.7363742538741995,4.7937055372279165,Medium,1.7529457666135864,Started but not completed,Less than estimated,Low,Medium
Assignment,Optional,4.075216909662645,112.03537435838001,2.0882496609923704,1.3722227357120822,High,2.9786603315136233,Completed but late,Same as estimated,Medium,High
Project,Optional,3.2425006702221104,107.56443214380566,2.1711832773486686,4.80965539852421,Medium,2.7527093910278144,Completed on time,Less than estimated,Low,Medium
Revision / Practice,Secondary,1.777729073616603,105.33813060544736,3.6073698478023197,4.33038932965551,High,3.9115789212851135,Started but not completed,Same as estimated,High,Low
Reading / Notes,Secondary,18.210099304666322,111.922003135708,3.5303661076564814,3.268900761616351,High,4.986284499853723,Did not start,Slightly more,High,High
Exam Preparation,Secondary,6.940754928401807,66.36332723211649,1.7970046452484807,3.8500770805832167,Medium,2.2215204258141497,Did not start,Less than estimated,Low,Medium
Project,Core,9.690048781654102,91.04737669979949,4.29798409645383,2.4685192420432336,Medium,1.5735193461483536,Started but not completed,Slightly more,Low,High
Project,Core,2.9138648623230767,94.81465176939662,2.963324633221912,1.8942212076590286,Medium,2.9946128001037478,Started but not completed,Much more,Low,Low
Revision / Practice,Optional,6.303590541269251,63.07328035708435,2.753580159770795,4.926324405226785,High,4.606136015515807,Started but not completed,Much more,Medium,High
Exam Preparation,Secondary,9.114100609794644,84.8800512510573,4.807139368645595,4.98128046027802,High,2.420369098819456,Started but not completed,Less than estimated,Low,Medium
Revision / Practice,Core,19.371120667943515,85.28154070341125,2.427486167732049,4.7031689284668365,Low,4.26877458170455,Completed but late,Same as estimated,High,High
Assignment,Core,13.664490570903338,33.345559874969446,4.985066920432377,3.852934487278311,Medium,3.974709038121349,Started but not completed,Less than estimated,High,Medium
Revision / Practice,Optional,11.301030293170665,64.69743520180353,1.9055700784284064,1.1619144042613532,High,2.0442355642275793,Did not start,Less than estimated,Low,High
Revision / Practice,Optional,4.2562740315448355,93.34253435664277,2.07594890185477,3.6391021573122018,Medium,4.274285016469644,Completed but late,Much more,High,High
Revision / Practice,Core,19.74523020334272,75.56791893496705,4.497395290090047,1.2443903406971795,Medium,4.260588714702639,Completed on time,Much more,High,High
Revision / Practice,Optional,6.059730753473193,111.44404024455719,3.5610503696477283,3.0005535940922194,High,2.7898406291249462,Completed on time,Same as estimated,Medium,High
Revision / Practice,Core,17.050599509711184,99.8013991472437,1.8405144009226602,3.7486701677516447,Medium,1.7692705401440483,Did not start,Much more,Medium,Low
Project,Optional,16.990016179279866,57.88011515468415,4.637050587368153,1.4239627688931837,High,2.169985455898565,Did not start,Much more,High,High
Revision / Practice,Core,19.70661408210438,119.96872395981998,3.2526163854705077,1.0745013756524355,Low,2.1424555379505765,Did not start,Less than estimated,High,Low
Project,Optional,4.152704335433262,57.64865578980583,1.0252760985722849,1.5624635958227109,High,4.243096436580483,Completed but late,Much more,Low,High
Revision / Practice,Core,13.823298792291814,100.90713975172962,4.3438377284827645,1.1198794356847532,Medium,2.2246198294494453,Started but not completed,Same as estimated,Low,Low
Assignment,Core,15.472924114228263,32.19848955873337,1.790407636144939,2.8488211684285423,Medium,3.079649642276703,Started but not completed,Same as estimated,Low,High
Reading / Notes,Secondary,6.18954891022341,51.369916105745375,3.6945559697210415,1.338149483530335,Low,4.867486597968602,Did not start,Same as estimated,Low,Medium
Project,Core,12.503776821664719,30.31307083520702,1.080359595876446,4.904083802857258,Low,2.5759830564314403,Did not start,Slightly more,Medium,High
Reading / Notes,Core,2.3791998068170006,40.618919252604364,4.605325228796422,3.6948183273392474,Low,1.6107359591386499,Completed but late,Slightly more,Medium,High
Reading / Notes,Secondary,13.297770318061763,92.24663493782344,2.5753975145818773,4.44005897282119,Medium,4.62821317603282,Did not start,Same as estimated,High,High
Reading / Notes,Secondary,16.904557281146158,46.270166497183396,2.7679009866733884,3.3951574164169687,High,1.1203888085359055,Completed on time,Less than estimated,Low,Low
Reading / Notes,Optional,0.6080517930507945,109.4163975742724,3.377058071859442,4.665102028806784,Medium,4.4054245642813985,Did not start,Slightly more,Medium,Medium
Reading / Notes,Core,11.296238657253987,72.15854808451158,2.6021842876449433,3.324480958854994,Low,3.312973920297054,Completed but late,Same as estimated,High,Low
Project,Core,17.063142079042347,73.73288961942191,2.994399835155326,3.1252325890496366,High,2.5913182837335462,Started but not completed,Less than estimated,Low,Medium
Revision / Practice,Optional,9.404157473200026,44.07631667385864,1.8732984905299124,2.210494418746247,Medium,3.1822772417495266,Started but not completed,Slightly more,Low,Medium
Project,Optional,19.567600938029265,116.4103976330832,1.3515400811032365,4.418329068308717,High,2.399052667882189,Started but not completed,Less than estimated,High,Medium
Revision / Practice,Secondary,19.301740916324242,109.78277366939858,4.713937351057677,1.3499384759125164,Low,3.985809825004037,Completed on time,Slightly more,High,Low
Assignment,Optional,3.9930622719688613,100.93925715855016,1.3081641541379962,4.282235473747683,Low,1.6991250100012314,Did not start,Much more,Medium,High
Assignment,Core,9.100615221166668,55.23024624894663,2.715495638699217,3.782060730504995,Medium,2.333212019250265,Completed on time,Less than estimated,Medium,Medium
Revision / Practice,Core,10.123079062985525,40.06574762399589,1.3542463869691397,1.9195133673939302,Medium,4.620335685804047,Completed but late,Less than estimated,Low,High
Reading / Notes,Core,17.960319280718686,75.0288212243955,1.984346579231139,3.5150258385342887,Medium,3.011577097607529,Completed but late,Much more,Low,High
Revision / Practice,Secondary,3.5478317428751915,95.76422079024663,3.397815859088553,2.2886746796365425,Medium,2.5771125268674213,Did not start,Same as estimated,High,Medium
Assignment,Optional,18.485774048113104,113.60853634652669,1.2573223999175198,1.1276475144787992,High,2.049909472275356,Completed but late,Much more,Low,High
Project,Core,16.4266796432086,94.03710539657929,2.8744553881411674,4.3207563952946995,Medium,2.359829042433352,Completed on time,Slightly more,Low,Low
Reading / Notes,Optional,16.924664316057548,80.01747319071549,4.188907399787501,1.6411562622915454,Medium,4.302040471353422,Started but not completed,Less than estimated,High,Low
Project,Core,11.153966758965613,83.14541149129235,4.406216144849498,3.35249454162621,High,2.3733381261850734,Did not start,Slightly more,Medium,Low
Reading / Notes,Core,5.3058809607272135,41.91937342713357,4.8941966990674715,1.6960473020777904,Medium,1.4104235194835977,Did not start,Slightly more,High,Low
Assignment,Optional,16.39334854331503,98.65508609745623,1.6713419297060703,1.5976465147311059,Low,4.384841015816175,Did not start,Much more,Low,High
Reading / Notes,Core,0.24902403679692764,33.12919725449612,4.266350686954718,3.2456079171035426,Low,4.632673171430945,Completed on time,Slightly more,High,Low
Reading / Notes,Optional,3.101332572209068,65.33728149429935,1.2427485055289105,4.0262939990650235,Medium,4.778148597466236,Did not start,Same as estimated,Medium,High
Project,Secondary,6.456448999121999,98.10874731786147,3.723165963600973,2.496585277705382,High,4.266773739959467,Did not start,Less than estimated,Low,High
Project,Core,1.0757964540995602,95.2885073659411,2.3988780466524773,2.9694151256222883,High,1.1166431875910274,Did not start,Less than estimated,Low,High
Exam Preparation,Secondary,2.1751602287649963,81.94896119469021,3.508984365888416,1.0018126344141693,Low,1.2464345955119125,Did not start,Less than estimated,Medium,Low
Reading / Notes,Core,18.601483756587363,35.49243546385296,3.798846886281567,3.256521152866897,High,4.331288213211261,Completed on time,Same as estimated,High,Low
Project,Optional,17.85867059640389,37.27515802273168,1.6311144281084182,3.5166017879715668,Low,4.765998751773878,Completed on time,Less than estimated,High,High
Project,Secondary,11.493174194980362,84.66479783943295,4.800588393329804,4.017069101042274,High,1.7431481805329017,Started but not completed,Less than estimated,High,High
Project,Secondary,17.29828947551029,103.47575157075131,1.8641609944469697,1.3324695286663903,Low,4.352093009742484,Did not start,Less than estimated,High,High
Project,Secondary,11.134575726219522,44.0549446909866,3.619493469648487,4.432396376223236,Low,2.9792875792156854,Did not start,Much more,Low,Medium
Exam Preparation,Core,17.099263350624366,41.80611609161416,3.7647027508085324,3.9816778691372705,Medium,4.594983287103652,Completed on time,Same as estimated,Medium,Medium
Assignment,Core,9.986622024379448,71.8602479374864,2.790522523812132,3.6260817433641703,High,1.444263882314246,Started but not completed,Less than estimated,Medium,Low
Exam Preparation,Optional,16.667088098697814,102.72369189934163,2.830476893423424,1.1586335539715007,High,4.070734982941067,Completed but late,Same as estimated,High,Medium
Exam Preparation,Core,10.00049772281505,33.72403778969551,1.267704310974477,3.1880045270545905,Low,1.4713819821228902,Started but not completed,Much more,High,Low
Assignment,Core,5.204881779328181,81.84062918950886,4.991728698769679,3.7997837536305163,High,1.3756376010686373,Completed but late,Same as estimated,High,High
Assignment,Secondary,15.543687102624515,108.94908301078932,2.162947999680357,4.3072181179890086,High,3.78600313397685,Completed on time,Less than estimated,Medium,Medium
Revision / Practice,Core,11.41917629680365,83.48181376926418,3.7841587452691345,2.635619168717894,Low,2.5506578251821583,Started but not completed,Same as estimated,Medium,Low
Reading / Notes,Secondary,2.189729300167369,42.34977408567032,3.171061817094715,1.2886284695112087,High,2.6109957860595783,Completed on time,Slightly more,Medium,Medium
Revision / Practice,Core,3.2847296092936284,51.24264951865229,4.097824632343378,4.524680841768146,Low,2.227586774548699,Started but not completed,Much more,Low,Low
Project,Core,0.3686407401071201,79.44931530407125,1.4451744472867878,3.941323391478542,High,4.6195653460619415,Completed on time,Same as estimated,High,High
Reading / Notes,Secondary,6.331529661072364,72.03653271591385,1.5496394479112205,4.124905857991067,High,1.636621793141292,Completed but late,Less than estimated,Medium,Low
Assignment,Core,8.209347052377996,55.734172739696945,4.854226875838361,2.7034616916468686,Low,1.184907278494086,Did not start,Much more,High,High
Reading / Notes,Core,16.97984834491444,49.181853888203705,2.3604691395294397,2.9424322961972584,High,2.939400778345671,Completed on time,Less than estimated,Medium,High
Assignment,Secondary,19.10806066817309,61.7690384251328,4.104147439713399,3.648348412719148,High,2.685245173156196,Completed but late,Less than estimated,High,High
Reading / Notes,Secondary,14.026134666832725,61.37169482110201,1.797742402650794,3.616410274220228,Medium,1.2851465164210922,Completed on time,Same as estimated,Low,Medium
Exam Preparation,Optional,14.951140214647332,39.49229429308868,1.8787711353700445,2.9685634518026993,Low,3.3149204079826116,Completed on time,Slightly more,Medium,High
Exam Preparation,Secondary,2.9702941288556484,92.16728070191505,3.9594046264481975,1.6200396493480338,High,2.656721755993613,Started but not completed,Much more,Medium,High
Project,Core,19.83591605800632,38.576667131808165,1.4254132775848891,2.5930778644331074,High,3.7426880111212593,Did not start,Slightly more,Low,Medium
Exam Preparation,Secondary,13.63311685569565,118.25377948968926,2.185784945830992,2.054301203569067,Medium,3.6641410152807534,Did not start,Slightly more,High,Low
Reading / Notes,Core,8.8164144750489,68.71505531536619,4.635851205059941,3.3105057814290366,High,4.741725187050786,Started but not completed,Less than estimated,High,High
Assignment,Core,12.14950322782335,69.15192147157333,1.528387578168331,4.4120217435469495,Medium,4.726508033986072,Started but not completed,Same as estimated,Low,Low
Reading / Notes,Optional,16.754058249023803,90.73733439911527,2.5120404601147555,2.5803629045184446,Low,2.221526257935091,Completed but late,Less than estimated,Medium,Medium
Assignment,Core,5.496464180716078,40.39341093409759,1.506665886154797,3.3665301255133313,Medium,1.4194959656819406,Completed on time,Same as estimated,Low,Low
Reading / Notes,Optional,12.710509093413817,81.58676307394603,2.597518034301756,3.8770876264648746,Medium,1.5688013347729974,Completed but late,Slightly more,Medium,High
Assignment,Secondary,7.047261786241306,113.42024085205844,4.141514917095975,1.6562776372110326,Low,3.9588435692643618,Completed but late,Same as estimated,Medium,Medium
Reading / Notes,Optional,16.35264046384164,72.89987119213464,1.278926756792758,3.735605486964188,Medium,3.8471863460280593,Started but not completed,Same as estimated,High,High
Assignment,Optional,8.528334361348158,53.70327541496779,1.742147764127933,1.0858244310407321,Medium,2.136440136353128,Started but not completed,Much more,Low,Low
Project,Core,18.25331650573752,58.13043642540296,4.385645449831346,1.4793095442137503,High,1.2560804025509054,Started but not completed,Less than estimated,High,High
Assignment,Secondary,12.072629157972601,106.98178466514729,3.8349192305483553,3.0161261484794593,Low,3.6753986811433164,Did not start,Same as estimated,High,Medium
Reading / Notes,Core,13.543801399206096,115.55852859187776,4.069862760359786,3.8636725203076456,Medium,4.153612450536126,Did not start,Less than estimated,Low,Low
Reading / Notes,Optional,1.0895260662967154,93.02308352300143,1.0704003765251557,1.7625607626286737,High,2.441562572315518,Did not start,Less than estimated,High,High
Revision / Practice,Secondary,1.1990687390475707,67.92774582839903,4.466112832314786,2.9226869277484373,High,1.9668256283385124,Completed on time,Less than estimated,Medium,Medium
Project,Core,15.853630308926437,30.792134046599934,2.2469683374683163,4.773347040003985,Medium,2.261742838385932,Completed but late,Much more,Medium,High
Project,Optional,12.961959649930517,105.96349885341448,3.0522097042332903,3.817056003153879,Low,1.8822269578054147,Did not start,Much more,Medium,High
Project,Optional,5.2434625432131154,63.97980282419532,4.253534551778449,1.0668902213628475,High,2.0526728418950797,Started but not completed,Less than estimated,High,Low
Exam Preparation,Secondary,4.362886225610754,42.860952105484955,1.4118851259972929,2.08349373603148,High,4.668667645656648,Completed on time,Much more,Low,High
Project,Core,14.908817637561153,94.01084715139109,1.0176138680931146,4.304406131814767,Medium,3.002971278888729,Started but not completed,Less than estimated,Low,Medium
Exam Preparation,Secondary,8.699552428653181,65.67424983357058,3.598349529418292,1.5815459995298582,High,1.8773594878009159,Did not start,Same as estimated,Medium,High
Exam Preparation,Optional,4.86124859305998,32.38605269704147,1.3329875767942165,3.0317320050162757,Medium,1.4760548190811273,Completed on time,Same as estimated,High,Low
Revision / Practice,Optional,13.179153195045824,107.0177728990835,3.8936232625268654,4.865523173116381,Low,2.628378907667247,Completed on time,Less than estimated,Medium,High
Reading / Notes,Optional,16.383887633969167,114.88466312688945,3.423253563694408,4.141209868824678,Medium,4.73511276547555,Completed on time,Slightly more,High,High
Assignment,Core,10.63827910428262,90.96961075247599,2.5118806373807745,4.678175596386222,High,1.1795541040799962,Did not start,Less than estimated,Medium,Low
Exam Preparation,Secondary,3.263998265801953,51.61647957194517,2.872544664743415,1.5230704185374635,High,2.4718075276121816,Completed but late,Slightly more,Medium,Medium
Assignment,Optional,5.680804504446375,83.90728371033475,1.6369674216269905,2.538089492611054,Low,3.5207118115070952,Completed but late,Much more,Medium,High
Project,Secondary,16.91559982372668,36.68062228089712,3.644898463089922,2.7791359908633,Low,3.9668449785003723,Did not start,Less than estimated,Medium,High
Assignment,Optional,16.13292498251628,106.82879385921906,2.6932343633169182,2.9494699034600975,Medium,2.418569502687941,Completed on time,Same as estimated,Medium,Medium
Exam Preparation,Core,7.871049633309499,103.53672249030905,2.4995156594255374,4.377151402961934,High,4.252438127101913,Started but not completed,Same as estimated,Low,Low
Exam Preparation,Secondary,5.331692323089133,43.722056219175535,3.4959575731564487,4.3862125177912406,High,2.6733191512330485,Completed but late,Much more,Low,Medium
Reading / Notes,Secondary,8.885534232637728,103.80847709899052,2.698590313694463,4.916820611997094,Medium,4.371074210762396,Did not start,Much more,Medium,Low
Reading / Notes,Optional,9.289973096530597,101.57927247347197,2.3463098942865406,1.5348007530149448,High,4.188332054066848,Completed but late,Much more,Low,Medium
Project,Core,16.707242125085216,47.248261272241606,4.743971695676295,3.0796642538791157,High,4.288275862672256,Did not start,Slightly more,High,High
Exam Preparation,Optional,18.515394007981655,81.28011146418172,2.6811228305992696,1.1938528973135911,Low,4.7551946639820155,Completed but late,Same as estimated,Medium,High
Assignment,Optional,13.113401117314984,115.23888974752057,3.8615817375036805,2.683004165058155,Medium,3.7693162233096307,Did not start,Less than estimated,High,Low
Assignment,Core,12.812686131910597,118.24389051510416,2.1557200286118134,1.810689344722198,Low,2.03176546066768,Started but not completed,Slightly more,Medium,Medium
Project,Optional,19.814958791932284,99.3333669481307,1.0047536066989724,2.017920892631756,High,4.393504925495707,Started but not completed,Less than estimated,Medium,Low
Reading / Notes,Secondary,13.052492388642916,91.15581113525116,4.69269156994855,2.1385016594997,Medium,1.7998258360220212,Completed but late,Slightly more,Medium,Medium
Revision / Practice,Core,15.163768206069506,61.42846906558172,1.2032861511721245,3.728569394939639,Low,2.4954169467012073,Completed but late,Slightly more,Medium,Medium
Reading / Notes,Secondary,15.777586499013644,104.20528910492996,2.830598402806593,2.948680069669716,Low,3.1733202628186183,Did not start,Less than estimated,Low,Medium
Exam Preparation,Secondary,17.999868590733723,86.17974208332845,4.296826522120398,4.713564949668264,High,4.375192613646427,Completed on time,Same as estimated,Low,Medium
Exam Preparation,Secondary,15.21860858123279,94.1737964310475,3.1013250411766737,3.102057823113345,Low,3.1881347159702274,Started but not completed,Much more,Medium,High
Revision / Practice,Secondary,1.838471003182558,110.31147273687604,3.2230661490844463,1.9308545189910578,Medium,2.453896510858811,Started but not completed,Slightly more,Low,High
Reading / Notes,Core,12.9766905209712,94.20367010292733,1.6622102356957016,3.756526117254401,Medium,3.515836347299207,Started but not completed,Less than estimated,High,Medium
Revision / Practice,Core,0.3774734185382078,102.36807694151325,2.7295254632569566,2.640438689378527,Low,2.996924065964896,Completed on time,Same as estimated,Low,Low
Reading / Notes,Secondary,14.426022107013845,36.07218510777744,3.3600760019070126,3.7959621657709715,Medium,1.8644525208903882,Did not start,Much more,Medium,Low
Assignment,Optional,12.159692510557926,58.025558402063105,2.820004254878669,2.599926261299392,Medium,4.724405587352622,Did not start,Slightly more,Medium,High
Exam Preparation,Secondary,10.395978485785566,49.338520702069246,2.8493506645289983,4.128651310680789,Low,2.2533244484254733,Completed on time,Same as estimated,Low,Low
Exam Preparation,Optional,13.733412298211991,53.888335046925015,4.394050387736863,1.5721152174938142,Medium,2.478154935976505,Completed on time,Much more,Medium,Medium
Project,Secondary,17.593625131861085,50.46577388517846,2.5317772903122253,4.17993080026457,High,1.584374295815305,Completed on time,Less than estimated,High,Medium
Revision / Practice,Core,13.367625426772607,105.32895852861986,4.787950124476987,2.5909725785854114,Medium,3.079354907599519,Started but not completed,Slightly more,Low,Low
Project,Secondary,1.8468958719260309,65.05683072440806,3.3520303189815372,1.6690929666685146,Medium,1.5735260159440982,Did not start,Much more,Medium,Low
Revision / Practice,Secondary,16.1645949522557,52.35486883527335,4.622537713885913,2.24858818442218,Medium,3.5055281354827184,Completed but late,Less than estimated,Low,Medium
Assignment,Core,19.454735141514913,112.86120475228914,4.236462069744876,3.5856047094599024,Low,2.906496436231277,Started but not completed,Same as estimated,High,Medium
Project,Secondary,3.2282072224784097,70.63337615565281,1.5559295377753246,4.563736747622736,High,2.9809622608825705,Started but not completed,Same as estimated,Low,Low
Exam Preparation,Secondary,10.959920055703527,69.4046337107205,2.718636345210978,2.2556761298782284,Medium,3.168575976807949,Did not start,Less than estimated,Medium,Low
Exam Preparation,Core,8.7862192571629,37.8981978614098,3.020390607667136,1.1740689088000424,High,2.931390533676731,Did not start,Slightly more,High,Low
Reading / Notes,Secondary,15.766778246805963,95.98472546465715,2.8399084160616113,2.4520251722144044,Low,4.713412828561507,Did not start,Same as estimated,High,Low
Project,Optional,18.17462012754149,55.1261990906042,3.34999506047066,4.923891045249848,Low,1.0796435562219924,Completed on time,Less than estimated,Low,Medium
Reading / Notes,Core,2.080284688013825,69.87237525015064,3.678337768638732,1.3758403408497575,Low,1.2256562199606154,Completed on time,Less than estimated,Low,High
Exam Preparation,Optional,6.001198460033876,106.05262266078016,1.0840122877566518,2.959761497463621,Medium,1.7791179880035872,Did not start,Same as estimated,Low,Low
Reading / Notes,Core,16.98300844019724,74.35138168627984,2.6918338901273313,2.3568232837996015,Medium,3.1267113144346994,Completed on time,Much more,High,High
Reading / Notes,Optional,18.79167504590597,35.60383770653456,3.775301698618692,4.648448212315262,Medium,2.606065968717743,Did not start,Same as estimated,High,Medium
Exam Preparation,Secondary,8.584262412298134,37.44547985272041,2.7054782214378728,4.570923646086202,Low,4.315737230922625,Started but not completed,Same as estimated,Medium,Medium
Project,Secondary,7.152396016558664,69.71887920104554,2.613353519330758,3.2738965492865773,High,4.3361445621581485,Did not start,Less than estimated,Medium,Low
Assignment,Core,8.802996422006624,59.39890306620907,4.381612074551748,2.768815717586932,High,3.2585120377382304,Did not start,Same as estimated,Medium,Medium
Project,Secondary,11.587254813054177,97.32513269972381,2.1030681009308236,4.996368637502066,Medium,1.4558576584640766,Completed on time,Slightly more,Medium,Low
Revision / Practice,Optional,17.13234233110646,66.41201018778551,3.218782924447489,3.154074088030444,High,2.8975335591170785,Completed on time,Much more,High,Low
Reading / Notes,Optional,10.405281233970182,97.86658461912268,3.84940306139585,3.722103311215477,Low,2.5314272720966726,Started but not completed,Slightly more,High,High
Reading / Notes,Optional,2.0461253047578887,73.3040164125742,2.420679939322888,1.0089363302840546,Low,3.8448757656300216,Did not start,Less than estimated,Medium,High
Exam Preparation,Core,13.871813701864443,111.60055313860161,4.948551336347993,1.499612266772298,High,1.4316300663265116,Completed but late,Slightly more,Medium,Medium
Project,Core,11.492940254296496,68.84738687714214,2.719226919705954,2.967730780234931,Medium,1.284077379717059,Completed on time,Same as estimated,High,Medium
Revision / Practice,Secondary,7.551398271027676,107.99971982100598,1.5644510071267446,3.170850175532902,High,4.956346069141201,Completed but late,Same as estimated,Medium,High
Reading / Notes,Secondary,4.173618053177894,33.15763191706153,4.0384119345686145,4.791000918030713,Medium,4.663156777530006,Did not start,Much more,Low,High
Assignment,Secondary,1.9670379310936004,106.8157501435423,1.069365323594107,4.248072580805693,Low,4.520382224231054,Completed on time,Same as estimated,High,Medium
Project,Secondary,17.64701736306319,69.13480467323296,1.6000957822267967,1.2824480111474923,Medium,1.2537804115837634,Completed on time,Same as estimated,High,Low
Project,Core,7.609885099637969,95.69867041805036,1.0803664083930813,4.056693025988835,Low,4.827197023015179,Started but not completed,Slightly more,Medium,Medium
Project,Secondary,10.079907138856969,115.2929355712037,3.8284984880276425,1.1399806414121354,High,1.739039055790101,Did not start,Slightly more,High,Medium
Project,Secondary,14.344607337590432,90.99214025414406,1.1292355382294694,4.145901108840539,Medium,1.854027413599741,Started but not completed,Much more,Low,Low
Revision / Practice,Core,9.25390215000739,109.41961830984665,3.301128389410717,4.749063363489656,Medium,3.2210499855989023,Started but not completed,Less than estimated,Low,Medium
Exam Preparation,Secondary,10.204495262135463,116.25552058206912,4.483866451577078,4.480832904659042,High,4.792866825656105,Completed but late,Less than estimated,Medium,High
Assignment,Secondary,0.045832841812214475,100.75807094055702,3.50168476181994,4.126149268722161,Medium,4.703881288511134,Did not start,Less than estimated,High,High
Exam Preparation,Secondary,6.006411467837374,104.44148196765325,1.2120561799340188,1.651014943682457,High,1.517790159576681,Started but not completed,Slightly more,Low,Low
Assignment,Core,6.066207767965834,83.74257294040069,4.374535461232764,1.8686929615842205,Medium,4.877291547186738,Completed but late,Same as estimated,High,Low
Revision / Practice,Optional,15.792531119597655,93.91135535853897,4.135763419433028,4.28581382369069,High,4.533066882610029,Did not start,Slightly more,High,Medium
Reading / Notes,Core,2.3838675424956035,108.44560786523422,2.5436445732038484,3.3001184034836477,High,1.9805280942688457,Started but not completed,Much more,High,High
Exam Preparation,Optional,13.17129071476437,64.39522683739776,2.943516873698342,3.7587806620160458,Medium,4.807359681165165,Completed but late,Much more,Low,Medium
Project,Secondary,18.00380786247645,70.7273245632309,1.197831571334432,2.307911949317411,Low,2.2644451948435615,Completed but late,Same as estimated,High,Low
Reading / Notes,Secondary,7.667548623563787,51.96318230777816,2.432034647126097,2.7924636269273977,High,1.9725418134972723,Started but not completed,Same as estimated,High,Medium
Project,Secondary,3.799800648603051,117.70035626864122,2.1373330096591094,4.922674666299531,High,2.360416728632144,Started but not completed,Slightly more,High,High
Exam Preparation,Core,15.423446489352104,51.572290831872635,2.007517972158453,4.088768040644778,High,2.7197144871941488,Completed but late,Much more,Low,Medium
Exam Preparation,Secondary,13.504539413221096,118.02499657074056,3.3982463582692533,1.371005967051536,Low,3.999946521365995,Did not start,Slightly more,Medium,Low
Reading / Notes,Secondary,11.299341712082436,35.967447031509984,3.475237405064521,1.625022233551618,Medium,2.6341777272066427,Completed on time,Less than estimated,Low,Low
Project,Optional,11.469959988883229,82.21637931921043,1.6991192933436525,2.0367893923734073,High,4.046363182143594,Completed but late,Much more,Medium,Medium
Assignment,Optional,5.02982130765626,116.53466868453887,3.886294467705159,1.3069617644097784,Medium,1.8738896240612997,Did not start,Same as estimated,High,Medium
Project,Secondary,9.97944442753443,30.970621465747193,2.54067252692829,1.3373982016487806,Low,1.0458969077496012,Completed but late,Same as estimated,Low,Medium
Reading / Notes,Optional,4.161328247719968,88.5789102944205,4.777991731562766,1.661068502812535,High,1.4743751472231086,Did not start,Same as estimated,Low,High
Revision / Practice,Optional,19.32268629068002,64.24471644118955,4.600934148813103,3.3281619077367304,Low,1.9483904455100465,Did not start,Less than estimated,High,Medium
Revision / Practice,Core,0.40456680877206663,83.28601965388867,4.129807628178941,2.392249929286854,High,4.971902013690359,Completed on time,Slightly more,Low,High
Reading / Notes,Secondary,14.106522622261297,108.9005815951113,1.7850816053000775,2.238244292585148,Medium,1.0183296801043342,Completed on time,Same as estimated,Medium,Low
Exam Preparation,Core,2.128559826833174,71.36443976528858,1.513580732921708,4.024036768575663,Medium,2.3355034082257005,Started but not completed,Slightly more,High,Medium
Reading / Notes,Optional,3.7592020264401915,119.3243878694784,3.162260171642192,2.186701730488276,Medium,1.6295684709132776,Completed on time,Much more,Low,Low
Exam Preparation,Optional,13.571042183664288,62.25650625857047,2.9310638621609515,1.0926481853884615,Low,2.1672460717030804,Completed but late,Slightly more,High,Low
Project,Optional,19.97256000275802,41.81102760304581,1.8754646338522583,2.4238510396848225,High,4.664209478505526,Did not start,Much more,Low,Medium
Exam Preparation,Optional,4.915444072216935,108.8444335309646,2.7668941380912058,3.0237128491788607,Medium,1.682588684227679,Started but not completed,Slightly more,High,Medium
Exam Preparation,Optional,11.431494751418814,70.64299772331844,2.0528604622500053,1.1995915455536674,Medium,2.7504195185664084,Started but not completed,Same as estimated,Low,Low
Exam Preparation,Secondary,5.11211217653196,114.50594903807182,4.436362909089656,4.760630738338232,High,1.479261788365076,Completed but late,Much more,High,Medium
Exam Preparation,Secondary,0.519907670192088,66.08278515649835,4.53505492366137,1.875378446439115,Medium,4.086857254664838,Completed on time,Much more,Low,Medium
Exam Preparation,Optional,10.009570183133153,63.72014133689,4.897776548697394,1.5143526455443017,Medium,2.5843504560659603,Started but not completed,Slightly more,High,Low
Revision / Practice,Secondary,19.307903103581566,93.6974819368974,3.7459398999334135,1.5079396149710433,High,2.5597812819382013,Completed on time,Less than estimated,High,High
Project,Core,19.2490120128346,41.8437422451191,4.340000141074151,2.3389212437389,Medium,1.1134304691932764,Did not start,Same as estimated,Low,High
Project,Optional,19.999867775134312,54.08744829861888,1.899437141481104,3.4960253579617087,Low,4.9221812914289975,Started but not completed,Slightly more,Medium,Medium
Assignment,Optional,10.539929567693507,63.65998227250352,1.8531114391223702,4.919283308492718,Low,3.6774802818963686,Completed on time,Less than estimated,High,Medium
Exam Preparation,Optional,15.518071327663625,81.65967225139002,1.038417397767501,1.7549643825200483,Medium,1.7434156739451012,Completed but late,Less than estimated,Medium,High
Assignment,Core,15.438383614377047,42.11658382411438,4.0415106809194565,2.8654158774669654,Low,1.910829548507385,Completed on time,Less than estimated,Low,Low
Reading / Notes,Optional,7.662201590816727,110.63527260807166,2.032429191449016,2.4921656180945444,Medium,4.433542829774287,Started but not completed,Less than estimated,Low,High
Project,Secondary,17.3460890439462,91.83534244333433,3.987811692058394,1.8103921012886195,Low,3.108259757718944,Completed but late,Slightly more,High,Low
Assignment,Core,0.6249908407426896,33.77245074961271,1.0817697745064518,4.0361118354870005,Medium,1.3266564558584082,Did not start,Same as estimated,Medium,Medium
Assignment,Optional,6.748959402812611,77.26988830954053,4.04598170695483,1.2241630745062424,Medium,3.626566104468883,Started but not completed,Much more,Medium,Medium
Assignment,Optional,3.784601288555962,38.50211989191753,4.666486359299995,3.932684237848098,Low,3.274061881295066,Completed but late,Much more,High,Medium
Reading / Notes,Optional,2.3380272536100666,110.55523490659569,3.7204939322699118,3.577099049152561,Low,2.639443700403416,Did not start,Much more,Low,Medium
Project,Optional,6.4987261881984715,79.77338613168739,1.8404618941865478,4.844557885828158,Low,1.1455299059110469,Completed on time,Same as estimated,Medium,Low
Project,Secondary,6.975791872621542,60.77368064583628,2.3981007659112707,3.5618169097094685,Low,2.107432982263468,Completed on time,Slightly more,Medium,Low
Assignment,Optional,2.204854283270141,110.63696425306067,3.7512248999498943,3.5696389685927388,Medium,3.581208006310745,Did not start,Slightly more,High,Low
Exam Preparation,Optional,12.606647600916517,77.98506658580752,2.9062699154138882,1.4156594693523554,Low,1.2585998928044377,Did not start,Slightly more,Medium,Medium
Exam Preparation,Core,10.975339363676333,54.054776897931426,3.1132081127047386,2.8778773969850535,Medium,1.60723205931318,Completed on time,Same as estimated,Low,Medium
Exam Preparation,Optional,10.513563366699156,92.8514860173807,2.8502856091253017,1.3996890129650748,Medium,1.342730858002657,Did not start,Less than estimated,Medium,Medium
Project,Optional,6.908146184806547,119.68015265641918,2.6418506238919166,1.5774802384338251,High,4.906076428068577,Completed but late,Slightly more,Medium,Medium
Revision / Practice,Optional,12.231439226194265,71.20751713304722,3.892215968724749,3.847369916491304,Medium,3.8869057244423812,Did not start,Same as estimated,High,High
Exam Preparation,Optional,4.877455564941016,38.40163888309772,3.83965608910957,2.4293841138225227,High,2.62356614222565,Started but not completed,Less than estimated,Low,High
Project,Core,5.770622313802239,106.66994791405347,3.2836607014473236,2.97901978388139,Medium,3.1992833199961934,Started but not completed,Slightly more,Low,Low
Reading / Notes,Core,0.6442618233474717,90.73612456743298,1.4621083699092345,1.7954166145722832,Medium,2.3049179716813204,Started but not completed,Slightly more,Low,High
Exam Preparation,Core,0.28122693395794984,115.61896471687814,1.455942294820895,4.39418412949996,Low,2.9653337593304747,Started but not completed,Less than estimated,Low,High
Project,Core,16.969500585375478,59.37051467274156,4.70749186029879,1.5930991990600778,Medium,1.0033773068918084,Completed but late,Same as estimated,High,Low
Assignment,Secondary,5.5618741474155575,77.01924166600357,1.0500402179660369,4.600153881761421,High,1.5877763473781008,Completed but late,Less than estimated,High,High
Project,Secondary,1.3589478983206482,89.0604718581165,2.987396866832428,3.893254708225827,Low,2.18342292013328,Completed on time,Less than estimated,High,Low
Exam Preparation,Optional,1.618251272086284,62.425475479353764,2.0679008323186054,3.9894272955961094,Low,2.5218143041969445,Did not start,Much more,Medium,Low
Revision / Practice,Optional,12.083395781645383,43.15062080185207,2.529350569079083,4.193883758031928,Medium,4.911001919926894,Completed on time,Same as estimated,Low,Medium
Reading / Notes,Optional,11.776578301614474,84.32178421386115,2.0837192722208364,1.5582753867814167,Medium,3.387767560112455,Completed but late,Same as estimated,Medium,Low
Reading / Notes,Core,1.7091152214594785,65.69046450838547,4.292295100876505,2.3947392478550666,Medium,1.5164567920594312,Completed on time,Same as estimated,High,Low
Assignment,Secondary,16.709659472965445,41.488652131587585,3.840164515413441,3.479357023085165,Medium,2.0340412249151045,Started but not completed,Same as estimated,Low,Medium
Revision / Practice,Optional,19.189276686877633,54.44795372407751,3.828209484405821,2.3964442994534902,Medium,4.876889951494046,Completed on time,Slightly more,High,High
Reading / Notes,Core,1.109696654493788,60.459782249710415,1.0253945474664996,1.1941325693993523,Medium,4.159373395098085,Completed but late,Same as estimated,Medium,Low
Revision / Practice,Optional,19.25007461813613,90.3561990272289,2.2951752228215447,2.302301581421923,Low,3.065243929484961,Completed but late,Less than estimated,Low,Medium
Reading / Notes,Secondary,0.8986729119078984,75.92854298347731,2.088406652828967,3.320167344923875,High,2.6866381367679524,Did not start,Less than estimated,Medium,Low
Assignment,Core,19.341543455337202,46.12145379592319,2.3742280860317893,4.267451897507888,High,4.744833501425927,Completed on time,Same as estimated,Medium,Medium
Reading / Notes,Core,12.557694212679369,43.67965644835865,1.5516321015300254,3.574669286183898,High,3.1986282598834594,Completed but late,Much more,Medium,Medium
Revision / Practice,Optional,11.700513809301851,69.96766947182587,2.78926552005107,4.111384924338133,Low,2.2566268947077313,Started but not completed,Same as estimated,High,Medium
Revision / Practice,Secondary,2.7566039546341137,30.2438145232885,2.464061864516443,1.076298794644409,Medium,1.4900313372785305,Completed on time,Same as estimated,High,High
Exam Preparation,Optional,4.604965328048573,85.72496964520468,4.914118690703992,2.315999006512316,High,2.8863870825501308,Did not start,Same as estimated,Medium,High
Exam Preparation,Optional,1.5272067544261847,43.81566986755246,2.8140418418317474,4.9955595289695225,Low,1.3584736551749028,Did not start,Less than estimated,Low,Medium
Revision / Practice,Core,3.670449259313835,101.08293818194512,3.703591936178655,2.087610551303023,High,1.0298295170293073,Completed on time,Same as estimated,High,Low
Assignment,Core,6.23204385994609,49.97247960779905,4.549419909090076,4.208959812365059,High,3.7868912656574802,Did not start,Same as estimated,Medium,Low
Project,Optional,1.6838223551958365,119.65024468965386,3.246907377441168,3.858078374092357,Low,3.156254419234946,Did not start,Slightly more,Low,High
Project,Core,11.589510899561759,68.42743454628449,1.7703963463869843,4.793443821437654,Medium,2.8990118075447455,Completed on time,Slightly more,Medium,Low
Exam Preparation,Secondary,13.553952052342925,82.61658744536624,2.176614578015166,3.8701293592853365,High,2.429973600064196,Completed on time,Much more,Medium,Medium
Reading / Notes,Secondary,3.343326840272789,90.75419577068234,1.514799652575885,4.056052656281857,Low,4.757154094994501,Completed but late,Slightly more,Medium,Low
Project,Core,13.895149931015531,55.301922003709066,4.198873290134893,2.311800514752373,High,1.6382263606632228,Completed but late,Less than estimated,High,Medium
Reading / Notes,Secondary,0.48245177362620684,103.42322785653043,4.222555394953538,1.400023919546285,Medium,3.7340362491772168,Did not start,Same as estimated,High,High
Project,Optional,13.564322731631638,89.39051882499047,4.924165907130785,2.2185992118638853,Medium,2.9987216233646308,Completed on time,Less than estimated,Low,High
Revision / Practice,Core,5.794776882992696,99.11087703094985,1.913465395674673,4.807921361185851,Low,1.3957734205866879,Completed but late,Much more,Low,Low
Revision / Practice,Core,4.392713778950636,73.16934177453123,1.7495877331083447,2.853941586913738,Low,2.8388257501364844,Completed but late,Slightly more,High,Low
Revision / Practice,Optional,18.223613609455033,75.8092462478303,4.172530176584602,1.9501066146230484,High,2.0584116770499565,Did not start,Less than estimated,Medium,Low
Exam Preparation,Secondary,6.590368500166621,110.1790121424778,3.8812454621698573,3.4709212667952505,Low,3.783253154253431,Did not start,Slightly more,Medium,Medium
Revision / Practice,Core,17.334077321003463,38.83137822307129,1.966787763181876,2.842925225117417,Low,2.609574283667014,Completed but late,Same as estimated,Medium,Low
Assignment,Secondary,16.650280598254938,110.64650358985361,1.8072444929695535,1.9522796840805516,Medium,4.536220138556612,Started but not completed,Much more,Medium,High
Revision / Practice,Core,11.863663854777244,88.15985983974699,4.333867911023495,3.520148688942545,Low,1.8310406994669948,Completed on time,Same as estimated,Medium,Medium
Project,Optional,0.3741789280072938,39.445500019730304,3.775918268930908,2.214205920952023,High,3.853239193512622,Completed on time,Same as estimated,High,Medium
Reading / Notes,Core,6.576914744255031,103.38209070965182,1.7674030849984241,2.2385196352419587,Medium,3.450706642672999,Did not start,Same as estimated,Medium,High
Revision / Practice,Secondary,14.340630740709754,37.919663613735715,2.0241079530879245,2.67439440331558,Medium,4.689320285026577,Started but not completed,Slightly more,Low,High
Reading / Notes,Optional,0.7550996678829591,49.857492526603224,1.2240832783739939,3.991639325660266,High,1.1334299510789525,Did not start,Slightly more,Low,Medium
Project,Secondary,19.07532084492711,48.34920221855693,4.790975318359812,2.240979330877312,Medium,1.4126078859658517,Did not start,Same as estimated,Medium,Medium
Revision / Practice,Core,15.68992432954656,99.48272175604743,4.092085685341017,1.9809291876150774,Low,4.7847523357952015,Did not start,Same as estimated,High,High
Revision / Practice,Optional,17.134134520254523,50.94320821232805,3.1881658653486684,1.6567159637402455,Low,1.253086013031687,Started but not completed,Less than estimated,High,High
Exam Preparation,Optional,2.6012992148908176,43.96293285563489,4.274795421000331,2.8236268581006283,Medium,4.016743019854227,Completed on time,Same as estimated,Low,High
Exam Preparation,Optional,14.109462157899838,86.20893058231681,2.713538358596267,2.0192246831683054,Low,4.264584090269668,Completed on time,Slightly more,Medium,Medium
Exam Preparation,Core,16.768002928899275,68.40393031039419,4.432734526165794,2.670723218783095,Medium,4.651971615686913,Started but not completed,Less than estimated,Low,Medium
Assignment,Core,10.461270324302516,36.07489739525957,1.595481723532326,3.7699766252753633,Low,4.827004172179125,Completed on time,Same as estimated,Low,Low
Assignment,Secondary,11.011919632395797,66.13897886715647,3.1623774349383478,4.555842430388758,High,1.702813639453403,Completed but late,Same as estimated,Medium,High
Revision / Practice,Secondary,17.40909305421102,61.03992396220574,3.493668186604124,1.9824974785051035,Low,2.925619767816217,Started but not completed,Less than estimated,High,Low
Assignment,Optional,9.531529122105146,99.00614743110093,2.9613455042842345,1.3660315673697028,Low,4.579154229886576,Completed but late,Same as estimated,Medium,High
Project,Secondary,10.111670063051545,91.92676864302781,2.060525721224893,4.798953231392762,Low,4.296711038274109,Completed on time,Less than estimated,Medium,Low
Exam Preparation,Optional,16.071380116461235,111.10749017048099,3.477396051607041,2.1035040961477365,Medium,1.6515224601417815,Started but not completed,Less than estimated,High,Low
Reading / Notes,Optional,8.568628015312667,92.228255236427,3.9675497971556073,1.3192339475571102,Medium,2.0867455786409037,Completed on time,Same as estimated,High,High
Project,Optional,7.5510541329515535,76.12010955749219,1.6433135799497305,2.5706904721759303,High,4.480936521517737,Started but not completed,Slightly more,High,Medium
Reading / Notes,Secondary,11.620246111391555,118.04559725536018,1.8969360575626504,4.174684074410793,Medium,1.386451227331421,Started but not completed,Slightly more,Low,High
Assignment,Optional,14.701867944942475,103.5452226905945,2.283605122362593,2.029251407308315,High,4.508298968388019,Started but not completed,Slightly more,High,Medium
Reading / Notes,Secondary,5.642295286797944,110.15268385617786,3.335341084637872,3.0014568842903055,High,2.9404588482553624,Completed on time,Same as estimated,Low,High
Revision / Practice,Core,17.806019781008434,118.33986823783681,3.0977959753649804,1.409992667743087,Medium,1.8768485347143864,Completed but late,Much more,Medium,Medium
Assignment,Secondary,12.695240208368276,42.17682561864813,4.314293866793873,4.23692830140606,Low,4.078027330960208,Did not start,Much more,High,Medium
Reading / Notes,Secondary,1.1123386982692218,80.23355277007582,2.7967086422977614,3.335115104766966,High,3.180490224691329,Started but not completed,Slightly more,Medium,High
Reading / Notes,Optional,5.007652288919391,67.82305359816186,2.3893437758496847,3.135711144194422,High,2.24367506710429,Did not start,Same as estimated,High,High
Exam Preparation,Core,7.437344938537549,85.29982314281179,4.7478558845587315,3.4632127988212944,Low,1.6048915439922071,Completed but late,Much more,Medium,High
Revision / Practice,Optional,5.112830489043738,96.73690535768156,3.5520956314350123,4.769475299257669,Low,4.386727159592963,Completed on time,Less than estimated,Medium,Low
Reading / Notes,Core,6.2020510423921245,63.52434041784314,4.940290837839877,1.5823749191416234,Medium,4.354814523937499,Completed but late,Same as estimated,High,Low
Project,Optional,11.227961668400543,97.72214272665835,1.504760341340873,1.4752514864934425,High,1.9747725902489432,Completed but late,Same as estimated,Medium,High
Exam Preparation,Optional,18.916943354247017,57.67706663227102,4.352598082991722,1.1339203071815653,High,1.8951931816271448,Completed but late,Less than estimated,Medium,High
Exam Preparation,Core,1.7256194747791076,43.008132311510415,3.7082793473148716,4.023347669301115,Medium,4.3628695788169285,Started but not completed,Less than estimated,Medium,Medium
Exam Preparation,Optional,10.466517348762181,83.485084046857,4.648228363530896,3.692496793868063,Medium,2.2379394510111474,Completed but late,Less than estimated,Low,High
Reading / Notes,Core,7.076655446407867,44.206123936221736,1.8087434530147055,2.566349707132653,Low,2.1693977529442603,Started but not completed,Same as estimated,Medium,Low
Assignment,Optional,6.760846820715669,111.39408905344106,4.039023410587209,3.6107662513048355,Low,3.497893766073629,Started but not completed,Same as estimated,Medium,Medium
Assignment,Core,5.481626296693567,56.0277694115524,3.953371372950757,2.9465112042937474,High,1.5002790516603897,Started but not completed,Slightly more,Medium,High
Project,Core,19.35145872219267,65.94669183156282,1.5630642221235584,2.157419436466409,Low,4.904390167085103,Completed on time,Slightly more,High,Medium
Project,Optional,10.810793949564477,35.04356343740717,2.3715970497329475,3.0053685356835564,Low,3.667210779574886,Completed on time,Slightly more,Medium,High
Project,Optional,12.258835377445712,58.581155794193386,1.9413388851370006,2.408380043847548,High,1.195871429701243,Completed but late,Same as estimated,High,Low
Assignment,Optional,5.207250357009401,90.0691701214879,1.1095023943974258,3.5175097566577573,Medium,1.5894440263719,Completed but late,Slightly more,High,High
Revision / Practice,Secondary,3.938116332873962,65.10441312551119,2.7605336183317513,2.9175141473261292,Low,1.5241042645391958,Started but not completed,Less than estimated,Medium,High
Exam Preparation,Core,5.134099944197419,71.02547278057864,3.710958121689409,1.9321749046052,High,2.5346699711236997,Did not start,Less than estimated,Medium,Low
Assignment,Secondary,0.9982506357808263,39.13682136106564,1.0696697825687327,1.922829947780127,Low,2.7590083505432905,Completed but late,Same as estimated,Medium,Medium
Assignment,Optional,2.722311230971013,42.06695735724564,1.2802365713443367,1.6035823483239313,High,2.5556072734179534,Completed but late,Same as estimated,High,Medium
Assignment,Core,16.065784882590886,70.21778794327338,3.4434039274606945,4.321919354121543,Low,2.3096720973023084,Completed but late,Slightly more,Low,Medium
Assignment,Optional,18.991469959669523,109.5909995853844,4.884034389498764,2.6320322057194097,Low,3.26154277549569,Completed but late,Much more,Low,Low
Project,Secondary,0.5290702458212793,77.73683719260968,2.403569700126678,3.628928722039836,High,1.953473749754815,Did not start,Slightly more,Low,High
Exam Preparation,Core,13.999422676192268,54.490467359725145,1.5706502641584241,1.7505168625224807,Medium,1.9087822242009724,Completed on time,Same as estimated,Medium,High
Project,Core,8.842137647259548,95.33687258713046,1.0829057735008938,2.9735506686166038,Medium,3.885385018004666,Completed but late,Less than estimated,High,High
Exam Preparation,Core,17.636098777578308,48.094380723187456,3.5765597983236463,2.9313697912178105,Medium,4.390031213002523,Completed but late,Slightly more,Low,Low
Exam Preparation,Core,14.160947235294115,72.47247351813587,4.18106874288072,2.355289395179528,Medium,3.2167117375056713,Started but not completed,Same as estimated,High,Low
Reading / Notes,Core,16.367292454939186,119.20194336755745,4.699854623075975,1.4945975966931213,High,3.551069402608048,Completed on time,Same as estimated,High,Medium
Revision / Practice,Secondary,2.9246976303404004,36.99346239153273,2.9802215531965057,1.5776544426885337,Medium,3.497676560677576,Completed on time,Same as estimated,High,Low
Revision / Practice,Secondary,17.26213798952774,91.42172089916305,1.769251042585581,4.320961326867488,Medium,4.802655164978773,Did not start,Slightly more,Medium,High
Exam Preparation,Secondary,14.696594159988267,94.55717608505373,4.97568282987801,4.741239195816878,Medium,2.982544941739516,Did not start,Slightly more,High,Medium
Revision / Practice,Optional,4.4490361879521245,99.4322598959959,3.543926618910826,3.4624317612886744,High,4.828961731798278,Started but not completed,Much more,Medium,Low
Reading / Notes,Secondary,7.12709973636729,73.47670075880492,1.1910767226473729,2.4325954388646847,Medium,4.469096457778136,Started but not completed,Much more,Medium,Medium
Revision / Practice,Core,11.178249423710835,51.50037916666855,2.0825876171678326,4.833701295352391,High,3.351691849628261,Completed but late,Much more,Medium,Low
Reading / Notes,Core,8.967777280762297,47.916775974905995,3.3587817428858084,2.951343712118212,High,1.2594289674514907,Did not start,Same as estimated,Low,Medium
Revision / Practice,Optional,11.780671418214858,54.137662049833935,1.6519293888726883,2.8206266332794114,High,1.7804974937302798,Started but not completed,Less than estimated,Low,Medium
Revision / Practice,Optional,13.364541680437558,90.97350318879438,2.8432578532086037,2.7624118393341264,Medium,4.758960696520225,Did not start,Slightly more,Low,High
Assignment,Optional,5.499731591684169,73.16704880685009,4.148323446623747,4.417462806176797,High,3.5909800174895055,Started but not completed,Slightly more,Medium,Medium
Reading / Notes,Core,3.6729009151520486,39.18128985436735,1.3323786128046389,3.5150513184606207,Low,1.3517838005530094,Did not start,Same as estimated,Low,Medium
Exam Preparation,Optional,10.61377705555309,107.99124476531672,4.125025490655984,2.1579758070452435,Medium,3.1958285995270543,Started but not completed,Slightly more,High,Low
Reading / Notes,Secondary,6.285800606548053,118.4026799684589,2.313247011323537,1.5751340941896763,High,4.180095133934445,Did not start,Much more,High,Low
Project,Optional,15.338158536836303,55.15141132713077,4.987032828223625,4.876388359772157,Medium,4.74501444538506,Started but not completed,Much more,Medium,Medium
Assignment,Secondary,14.004499027642751,97.64149583064851,2.661424807105945,1.2544060467771119,High,1.204784311825672,Completed on time,Much more,Low,Low
Reading / Notes,Secondary,11.546671593881563,105.61879156095625,3.9680821707103138,4.536817520162421,Medium,4.2304725734999895,Did not start,Same as estimated,Low,Low
Assignment,Secondary,1.6901803617433542,50.70569733688219,4.603241239391279,2.597263518451577,High,4.857212150772096,Completed but late,Same as estimated,Low,Low
Assignment,Secondary,5.3262245784820355,92.32144593460754,2.8981444624373127,4.119594308047133,Low,2.720724314385084,Did not start,Same as estimated,High,Low
Reading / Notes,Optional,0.6664422580393459,93.93856449592144,2.6812002153706826,3.8842807468932063,Low,1.5238459258614494,Did not start,Much more,High,Medium
Project,Core,6.7207535115103045,66.92894398064878,1.1405176544427595,4.5941973486855066,Low,2.567043589684573,Did not start,Same as estimated,Medium,High
Revision / Practice,Optional,12.124910992540753,76.86944078954369,3.9245110835807395,1.628631245768024,Medium,1.2228716288503292,Completed on time,Same as estimated,High,Low
Project,Secondary,17.900794637126552,48.92572693077176,4.9678454830094365,3.6580219754039853,Low,4.931024118324805,Completed but late,Same as estimated,Low,Low
Revision / Practice,Secondary,15.643610006633331,53.127811952201014,4.354717448917581,1.0601046097493194,High,3.473201654762432,Completed but late,Same as estimated,Low,Medium
Revision / Practice,Core,5.226978634283053,64.58489791292993,2.480319701607797,4.0111472549055955,High,4.286851782860131,Started but not completed,Same as estimated,High,High
Project,Optional,4.0707087316814565,101.89071998301594,1.1261039451491026,3.399445310406675,Medium,4.780359543149506,Did not start,Less than estimated,High,Medium
Project,Secondary,10.632082169573621,32.495344886129246,3.7045116344371585,2.9867945548798365,Medium,2.01042655680183,Completed but late,Slightly more,Low,Low
Reading / Notes,Secondary,11.694846854275216,109.5769541206884,1.68121797226123,1.1087276789954452,High,1.762490707900743,Did not start,Much more,Low,Medium
Assignment,Optional,13.870551107542777,30.594066603972003,2.958766673923811,1.8297016538335784,Medium,4.247828483022101,Started but not completed,Slightly more,Medium,Low
Reading / Notes,Secondary,1.5445457921886363,92.77410475178269,1.4688606767564645,4.430976901924859,Medium,2.394204244853378,Completed on time,Much more,High,Low
Exam Preparation,Optional,5.488101532744891,89.42737907911865,1.7863336047751286,4.3855230430315215,Low,3.513959540064312,Started but not completed,Slightly more,Medium,High
Reading / Notes,Secondary,4.776212052403121,89.35075131290233,2.248194206323206,2.4710673142698814,Medium,4.273496569834601,Started but not completed,Much more,High,Low
Exam Preparation,Core,4.70100102831111,102.10219182005984,4.059549573810537,2.668180349336132,High,4.0144606166339765,Started but not completed,Less than estimated,Low,Medium
Exam Preparation,Secondary,4.66150047583997,102.08680065203099,3.7055598055034924,4.694339971202292,Medium,1.0930034066225458,Completed but late,Less than estimated,High,Medium
Revision / Practice,Secondary,11.768929464841735,117.28346689242805,3.5609576431497305,1.0653535807542913,High,2.532942078216725,Did not start,Less than estimated,Medium,Low
Assignment,Core,3.3703880530245045,47.38439164693317,1.9237988505221457,3.4571596151264203,Medium,1.4243088434853588,Started but not completed,Less than estimated,Low,High
Revision / Practice,Core,6.536595709532184,64.77757965096592,3.116855823702196,1.8701090604385837,Medium,2.094726583129212,Completed but late,Same as estimated,High,Low
Exam Preparation,Core,7.958946366167032,104.0861724429946,1.3393138451120743,1.7915899628698382,Low,3.60198852663878,Did not start,Same as estimated,High,Medium
Assignment,Secondary,3.855456175627414,57.69550079780047,1.8287070064694522,2.9771855256913367,Medium,3.8021308258338435,Did not start,Same as estimated,Low,Low
Reading / Notes,Core,14.053701314748592,116.35987546600913,1.444901806115483,4.527223866204583,Low,1.7746055442679172,Did not start,Same as estimated,Low,Medium
Exam Preparation,Secondary,15.53642557361379,85.68095217405002,4.345718788183919,4.808977187050394,Medium,4.915598328539854,Completed but late,Same as estimated,Low,Medium
Reading / Notes,Secondary,10.608810502234896,60.24210122464349,3.338538916785524,4.041162050951318,High,1.6384033909654505,Did not start,Same as estimated,Low,Low
Assignment,Secondary,8.416122456600403,98.16079192915788,4.402076160246267,2.5441031311684363,High,3.861132398511318,Completed but late,Much more,Low,Medium
Revision / Practice,Optional,2.6660125016929315,109.00876775705625,2.6438639752481508,1.6254717587304346,Low,1.3040300747282298,Did not start,Less than estimated,High,High
Project,Core,0.6859874538855282,82.3261682460394,4.012285935327026,1.523388092262742,Medium,1.2275917264604406,Started but not completed,Less than estimated,Medium,High
Exam Preparation,Secondary,7.696079202695312,99.15825461726152,2.1396059986178124,1.3273673521142721,Low,3.66674496698838,Did not start,Less than estimated,Medium,Medium
Reading / Notes,Secondary,12.335714340355127,31.79309094139258,4.889912171530284,3.809641997528647,Medium,4.113745819201425,Completed but late,Slightly more,Medium,Medium
Project,Optional,12.236896392773026,74.70066553611528,3.073180027067989,1.8857122137732079,Medium,1.5455081143074287,Completed on time,Less than estimated,High,High
Project,Core,3.962060862269745,48.313204451279276,1.5726428333015172,2.851358668001296,Low,3.251622543374481,Did not start,Much more,High,High
Assignment,Optional,11.91777579525034,93.02241649748152,1.7746672781516772,1.247674669930026,Low,4.978623693316251,Completed on time,Less than estimated,Low,Medium
Reading / Notes,Optional,15.619858044581377,114.03754373770047,2.385159030324199,3.621942834968668,Medium,4.995060687894973,Completed on time,Less than estimated,Medium,Low
Assignment,Optional,14.52446973435283,59.48699220466048,2.808293554724641,1.9322876372263895,High,3.2649530263282833,Completed on time,Much more,Medium,Low
Exam Preparation,Core,7.213159741129676,42.18645743745039,3.8637667743247692,3.5211435519363885,Low,4.0536151234705,Did not start,Less than estimated,Low,Medium
Exam Preparation,Secondary,17.800540710792824,110.87286754652422,3.500016550441436,2.0004919692095506,Low,1.5901078199201297,Completed but late,Less than estimated,High,High
Assignment,Secondary,16.75461760445665,31.802162619093256,1.9275684984134198,1.2334630301924632,Low,2.3992957704353066,Completed but late,Slightly more,Low,Low
Revision / Practice,Optional,1.9552603224113718,86.7832945661371,4.203891409665529,1.217118534796446,Medium,1.9617120609462302,Did not start,Same as estimated,Medium,Low
Exam Preparation,Secondary,2.610441081151289,117.84605360506329,3.0154741403431107,3.5108003742713887,Low,3.7099225755130707,Completed on time,Less than estimated,Low,Low
Project,Optional,12.68608490772899,32.16365372753762,2.1507943844366535,2.4404304200164657,Medium,3.669241421669639,Completed on time,Same as estimated,Low,Medium
Revision / Practice,Secondary,7.352596709145218,43.75850411033991,2.3802540105843177,2.285489928705677,High,4.027511402928532,Did not start,Slightly more,High,Low
Revision / Practice,Optional,11.23899998198767,100.45627527871513,3.2927543787361735,1.4434029186391455,Medium,4.616805233481218,Started but not completed,Slightly more,Low,Low
Project,Core,19.83036021609077,85.64894739755752,4.9811156748429335,1.3895418234714625,Medium,2.546028099235141,Completed but late,Less than estimated,Low,Medium
Revision / Practice,Optional,12.355088573134068,89.65413198667191,3.503397738133353,2.416596998991434,High,3.446510213506144,Did not start,Less than estimated,Low,Medium
Reading / Notes,Optional,1.0618763528894637,45.39022317727262,4.3818586760660985,1.3547444269604716,Low,1.9258231337871243,Completed on time,Same as estimated,Medium,High
Revision / Practice,Secondary,9.395218241710428,51.00128296528601,3.080498148846248,3.517944768425463,Medium,4.201389277819633,Completed on time,Much more,High,High
Reading / Notes,Core,10.755198351283275,69.7405812613099,2.067042583724466,4.57217885625722,Low,2.598871322968023,Completed but late,Same as estimated,Medium,High
Assignment,Secondary,7.474980364498222,38.26680805472158,3.0220937654146676,3.7085651385379386,Medium,1.1379812876191813,Started but not completed,Slightly more,High,High
Revision / Practice,Optional,17.460874092498017,37.666788350206055,2.3839524833930006,4.420753710737875,High,3.6669936657102564,Completed on time,Same as estimated,Medium,High
Assignment,Secondary,18.79388510414094,115.29109665861336,4.886434387672102,1.92367985391324,High,4.386992753011686,Did not start,Much more,High,Medium
Revision / Practice,Core,4.792261433769456,119.34416981668844,3.365188302530697,2.663597123596308,High,1.0278707879496558,Did not start,Much more,Low,High
Assignment,Optional,10.09687222932746,119.95833243321032,1.4990105297924181,3.9378902479829128,Medium,2.907351348181059,Completed but late,Same as estimated,Low,High
Assignment,Secondary,17.482111421756724,106.31383595846671,3.0581094581330683,3.2876999402026015,Medium,1.0755375813506767,Did not start,Much more,High,Medium
Revision / Practice,Core,15.749490393858572,77.50431956239947,4.6508089051838635,1.3663297236240566,High,4.2964028229766305,Completed but late,Slightly more,Low,High
Project,Optional,1.0654565271976368,113.91801797637294,2.9458490630191982,4.889395769403906,High,1.6299132665559788,Completed but late,Much more,High,Medium
Exam Preparation,Optional,16.79771618507305,49.803375143145765,2.193140864523064,2.977295496194794,Medium,1.275782174766524,Did not start,Less than estimated,Medium,Medium
Exam Preparation,Optional,1.2517679770438694,74.63590163510524,4.427506211713697,1.8358363487317515,High,3.253779215678286,Started but not completed,Slightly more,Medium,Medium
Project,Secondary,17.326056757760984,66.03362619562658,1.4135960665761083,3.8364446127590823,Low,3.622914254037793,Completed on time,Slightly more,Medium,Medium
Revision / Practice,Optional,7.9859188975344,114.92229354200241,4.580170479273082,4.590134206668509,High,1.540084942832225,Completed but late,Much more,Low,Medium
Revision / Practice,Core,18.26155195877575,49.67702915652288,1.898561655070282,1.0258910951435958,Medium,4.370574519039165,Started but not completed,Same as estimated,High,Low
Revision / Practice,Optional,12.347066362450496,92.23716337641369,2.9552058907682173,1.5552111559655226,Medium,3.913334056194616,Did not start,Slightly more,High,High
Reading / Notes,Core,5.545251876546544,119.88822686671185,3.7132464595729364,3.638187671631803,Medium,3.0269228917470725,Completed on time,Much more,Medium,Medium
Assignment,Secondary,19.841740678556654,40.68428594641162,2.6093123824484024,4.6790310783367115,Medium,1.0748636195864005,Completed but late,Slightly more,Low,High
Exam Preparation,Core,2.0386189026956125,92.29949149259782,4.146272934867705,4.129975574120779,Low,2.393820146542299,Completed but late,Much more,High,Low
Project,Optional,16.643596986004205,72.6675469665783,4.467979806706996,4.9816224699264735,High,1.8255436156528946,Completed on time,Same as estimated,Medium,Medium
Revision / Practice,Core,4.2911011419951155,54.07403899139439,2.3798170905539173,3.8038863500701914,High,2.4658293145141887,Completed but late,Much more,High,Medium
Reading / Notes,Optional,18.360781872142017,75.88043422805166,1.925349664338042,1.805027115188619,Medium,2.5919604828607268,Completed but late,Less than estimated,Low,High
Exam Preparation,Optional,5.667041252357423,74.32430083672406,4.450695521242258,3.421478659264806,Low,2.395143194343763,Completed on time,Same as estimated,Medium,Medium
Exam Preparation,Optional,18.129581824118105,103.19122811343249,2.976872234428722,1.3442624760366209,Medium,3.5190489790435375,Did not start,Same as estimated,Medium,High
Reading / Notes,Secondary,14.054126396710114,81.88459680872768,3.1660426872176877,3.7069957237236557,Medium,3.652548040109265,Did not start,Slightly more,Low,Medium
Revision / Practice,Optional,7.534800987714078,44.9037875764006,1.7958159008208083,2.014038035563683,Low,2.453030064399395,Did not start,Slightly more,Medium,Low
Reading / Notes,Core,15.789077040058215,81.11605266587082,3.5698301094393368,2.5500139453158845,High,4.119450287688987,Completed on time,Same as estimated,Medium,Medium
Revision / Practice,Secondary,3.0766236441662054,72.92635994162035,2.9325455859442373,1.321636974084194,Medium,1.1176583997403533,Completed on time,Slightly more,Medium,Low
Reading / Notes,Secondary,13.219020180700252,79.0998220773087,4.954849570279094,4.202865132253036,Medium,4.400213370157237,Completed on time,Less than estimated,Low,Low
Revision / Practice,Core,1.6185085073938343,95.49001794212163,1.5914394717506934,1.923798507271032,High,4.379190593047848,Started but not completed,Same as estimated,Low,Medium
Assignment,Optional,15.484833899509006,97.1643386581952,1.54274291712747,4.482694053737589,High,3.9355942958817054,Did not start,Much more,Low,High
Revision / Practice,Secondary,6.0505934239562915,68.10914987376957,1.3738628610638624,4.375918238019189,Medium,3.615746460913379,Did not start,Much more,High,High
Revision / Practice,Optional,8.313125937904353,91.57902953383335,3.0649000349663367,1.8027478842222275,Medium,3.3416553408210077,Did not start,Same as estimated,Low,High
Project,Optional,16.360142441576954,86.53881684832908,3.9519797429456784,3.436333381649431,Medium,1.8809798154948263,Completed but late,Less than estimated,Medium,Low
Exam Preparation,Optional,11.773915423203249,31.179069676555574,4.108375030773017,2.7949375852920824,Low,4.315633189076966,Completed but late,Less than estimated,Medium,Medium
Project,Optional,15.644965220626725,73.92468536365264,2.990658274164872,3.051131332107715,High,4.896101057861111,Completed on time,Slightly more,Low,Medium
Exam Preparation,Core,10.847728052925586,57.850069364914404,3.6087126488656955,4.24894386874665,High,4.838673723912993,Completed but late,Much more,Low,Low
Revision / Practice,Secondary,2.6992619472083645,114.10628457786333,3.6509228853676348,1.0690115323443226,High,3.171910203383091,Completed on time,Much more,Low,Medium
Project,Optional,8.983027567306666,33.80912455045232,4.22798852610715,4.886699454911213,Low,2.482718514200139,Started but not completed,Much more,High,Medium
Assignment,Core,9.734277171381853,46.88273424848843,1.3073332022713489,4.772571870968594,Medium,4.605930959815464,Completed on time,Much more,Medium,High
Revision / Practice,Optional,4.542948403127276,55.07858499980394,2.18881517207654,3.0535101002827365,High,4.135481436084435,Completed on time,Much more,High,Medium
Revision / Practice,Secondary,18.960011123879966,92.55403706724638,2.1777122807521017,2.7967171578407912,Medium,1.1748109855698687,Did not start,Slightly more,High,High
Reading / Notes,Secondary,5.230152630647109,115.78367087445898,2.9106992867627492,4.452156844680749,Medium,1.8119907848981316,Completed but late,Less than estimated,Medium,Low
Reading / Notes,Core,10.915959712140179,87.63647183049338,1.6724206219185374,4.9037993254888,High,2.623373776993075,Did not start,Much more,Low,Medium
Project,Optional,4.3362183723290855,108.07216529915117,1.6350831590121655,4.140848280542846,High,4.643977022861437,Completed on time,Same as estimated,High,High
Revision / Practice,Optional,18.138655612632366,34.12647019507211,3.6187908070397885,1.4158414208463386,High,4.3789024880016605,Did not start,Same as estimated,Low,Medium
Reading / Notes,Core,10.348220446672405,70.19082919941299,4.0920559068948075,3.5375320305479754,Low,2.65294196979056,Completed on time,Much more,High,Medium
Revision / Practice,Secondary,6.090176965509513,35.82627939244479,1.3002897380930865,4.896439684409099,High,3.9342799651425997,Did not start,Less than estimated,Low,High
Reading / Notes,Core,0.14779523319162546,43.4524737178716,4.299715990275246,2.3134727248234546,Low,4.255101082251397,Did not start,Less than estimated,Medium,High
Assignment,Core,0.9484128484603649,99.02957500804095,3.1144069435251356,1.765999008442145,High,3.9140217076284167,Completed on time,Same as estimated,Low,Medium
Assignment,Core,6.390570742089016,85.75850967713765,1.9957700524996813,2.1196018243866823,Medium,2.7518834985093954,Completed on time,Same as estimated,Medium,Medium
Project,Secondary,16.220360659920733,95.94597493180457,4.573450286841334,3.195803714659646,High,2.223906802569453,Completed but late,Much more,Low,High
Revision / Practice,Optional,0.705487318798923,116.5222463041062,2.740048799900856,1.6565513955892905,High,2.962378854376348,Started but not completed,Slightly more,Medium,Low
Reading / Notes,Optional,14.755285455307279,85.34722487962864,4.83100730628936,4.315041248988907,High,2.968837813545958,Started but not completed,Much more,High,Medium
Exam Preparation,Secondary,0.8105476424792046,39.52043270612995,4.50734159624675,3.806872898536844,High,2.299953643348667,Started but not completed,Slightly more,High,Low
Reading / Notes,Core,12.737972355431342,41.62983336176154,2.8996727542169274,1.0779649311378532,Medium,3.0726742219849514,Did not start,Slightly more,High,Medium
Revision / Practice,Secondary,10.169091929377972,37.17683166894748,1.2644481397763832,2.49732173551013,Medium,4.291693111978908,Started but not completed,Slightly more,High,Medium
Project,Optional,13.26582601016199,118.46235419606184,2.5555808491569065,3.2475227887934173,Low,1.450073140343195,Completed but late,Less than estimated,Low,High
Exam Preparation,Core,12.610710347609423,89.78691163224829,4.481319367977344,1.0172567312775853,Low,2.845996386807273,Did not start,Much more,High,Medium
Reading / Notes,Secondary,6.875684531034305,81.94816906553757,3.8605803652451045,1.2144541492933172,Medium,4.701974788498793,Started but not completed,Slightly more,Low,Medium
Assignment,Core,16.703294132566914,45.97083637662118,1.9167391509215572,4.44067697603961,Low,2.5615799537767274,Started but not completed,Much more,High,Low
Reading / Notes,Optional,6.630638292893525,69.71427747810722,2.1901666431130495,2.672674267564049,High,2.838296227600554,Started but not completed,Much more,Medium,High
Reading / Notes,Optional,7.043026788804023,64.26200354078546,3.2684447338546407,4.310285958781764,High,3.33214932112617,Completed but late,Same as estimated,Low,Medium
Assignment,Core,11.01402894829822,118.0346774942737,3.2846963492253556,3.8398348451096185,Medium,2.5467694690965774,Started but not completed,Slightly more,High,Low
Exam Preparation,Secondary,2.6507406655313592,70.15202030629173,3.6020537857491455,1.8027610537914107,High,4.499414152198618,Completed but late,Less than estimated,Low,Low
Exam Preparation,Optional,17.875378487594094,34.51638141070366,4.481312782430506,4.341252454696811,Medium,4.217021765020066,Completed on time,Same as estimated,High,Low
Project,Core,0.7526775716661227,31.549306051277945,3.1837967047486058,2.5006359766959148,Low,2.895616163162955,Completed on time,Same as estimated,High,High
Project,Secondary,9.942670727229554,46.51997960276299,2.6238167454829364,3.7195453644320757,Medium,3.524946018655716,Did not start,Slightly more,Low,Low
Reading / Notes,Core,10.784604919675896,52.077976079235725,3.589275528740153,4.941923961169864,Medium,1.2964648579842515,Started but not completed,Less than estimated,Low,High
Revision / Practice,Optional,9.393808220132327,101.92268651938026,2.009528731994811,2.437761449072087,Low,2.3914006808044213,Did not start,Much more,Medium,Medium
Reading / Notes,Secondary,18.732202372296758,109.67929344277817,1.1778209326816462,4.426313374306439,High,2.4307106136061596,Completed on time,Less than estimated,Low,Medium
Assignment,Core,5.357871927002316,91.08416935599766,4.530788079109978,4.02933385809757,Medium,3.759790610161542,Completed but late,Same as estimated,Medium,Medium
Revision / Practice,Secondary,9.670351912892572,46.92764096188128,4.4861641843637265,3.2049150872685286,Low,2.113623747375479,Started but not completed,Same as estimated,Medium,High
Exam Preparation,Optional,14.340084459326912,86.12241151421395,4.107780796885908,4.509154793496487,Medium,2.4241231775397374,Completed on time,Less than estimated,Medium,High
Reading / Notes,Secondary,13.683656274057467,79.22137470903822,2.9838783190130136,2.0572849157373994,High,4.707139002545007,Started but not completed,Much more,Low,High
Exam Preparation,Optional,0.9940328575394575,98.85320334592015,4.404036053215208,3.7985139695178796,Medium,2.4407250295226257,Completed but late,Same as estimated,High,Medium
Reading / Notes,Optional,16.903816403279414,31.00552156767622,3.627652912016638,2.1057710867192134,High,4.93587588720391,Did not start,Much more,Low,Low
Exam Preparation,Optional,13.906354681079119,90.82943815081978,4.880860057176356,3.1758318475218346,High,1.3172570778969317,Completed on time,Slightly more,High,Low
Reading / Notes,Core,8.634001828364589,75.55892404376043,1.2714398232366029,3.272224236261541,High,2.9762874756383892,Started but not completed,Less than estimated,Low,High
Reading / Notes,Optional,2.3811105715296255,94.79084604240016,3.127077211631516,3.0012852045123366,Low,4.111619261043668,Started but not completed,Slightly more,High,Low
Project,Secondary,7.274015780323828,61.430600130863496,1.521502877314437,3.9327816514612595,Low,1.4664741380295423,Did not start,Much more,Low,Low
Exam Preparation,Core,12.519056633541613,62.22584241252005,1.5117350105721319,2.5237628778129735,High,4.924948764545916,Completed on time,Same as estimated,High,High
Exam Preparation,Optional,8.806312415318335,53.24488764761191,4.849722682889032,3.9376665065074827,Medium,4.773104281634938,Completed but late,Less than estimated,Low,Low
Exam Preparation,Secondary,8.508031941991733,31.21024619783648,2.47173964969641,1.6822964096004793,Medium,2.8353746787564202,Started but not completed,Same as estimated,Medium,High
Assignment,Core,2.8244812539243203,98.73537422872926,1.174664898828489,4.517657655835238,Low,4.493047802751266,Started but not completed,Much more,Low,Medium
Project,Optional,7.251963221817579,66.39532497802756,1.7464992170435414,4.502135134336298,Low,2.45858395935378,Completed but late,Slightly more,High,High
Project,Core,3.503790922567638,83.79178485861198,4.591006773380487,1.49150900495983,Medium,3.383937909132849,Completed on time,Less than estimated,High,Medium
Reading / Notes,Secondary,12.325432285284295,115.96047214978626,1.888491241495863,4.528203865982075,High,1.847783691691966,Did not start,Same as estimated,High,Medium
Assignment,Optional,6.532577130439849,96.70373499359167,4.478248986150549,1.660040352306841,High,3.629031921523119,Completed on time,Less than estimated,High,Low
Project,Optional,11.486158590770795,31.72935742407554,1.07422265020905,1.7946848283746544,High,2.1121594254712375,Did not start,Slightly more,Medium,High
Project,Optional,2.6786941301933576,111.0615881777614,1.2753613737170322,2.219598391014865,Medium,4.21423068048615,Completed on time,Less than estimated,Low,High
Revision / Practice,Core,9.150408119492488,53.86194139630909,4.024192923808878,3.360889579744214,High,4.426720548115289,Completed on time,Same as estimated,Low,Low
Revision / Practice,Core,2.9722822007850547,105.66884366792516,2.5498749860498355,1.5914050473958428,High,4.023486322943194,Completed on time,Slightly more,Low,High
Project,Optional,19.54240625803319,112.62145409984683,2.032091123146946,3.474727125475847,High,4.4560015881946615,Started but not completed,Less than estimated,High,Low
Reading / Notes,Secondary,7.201135535033889,54.14718967137859,4.724759865400442,2.383603861225663,High,1.7167978528262862,Did not start,Slightly more,High,High
Reading / Notes,Optional,10.654191098811104,88.34707976235575,1.945559837848608,2.1719985540670472,High,4.618874566423022,Completed on time,Slightly more,Medium,Low
Assignment,Core,4.458441064463257,94.18512772454386,2.0260728821508454,4.0151686354837555,Medium,2.510337401309622,Completed but late,Slightly more,High,Medium
Project,Optional,19.905166202298798,82.9436988961387,2.0404776033643617,2.587011635993524,Medium,4.4089892096691115,Completed but late,Less than estimated,Low,Low
Assignment,Optional,17.087540070466353,33.53133339324293,1.9168087430244691,1.2776931293984353,Low,4.355774762377575,Started but not completed,Much more,Medium,Medium
Reading / Notes,Optional,5.213029435687226,45.3907379376336,2.349192167027545,3.9541996529888466,Medium,1.5038392755740473,Completed but late,Less than estimated,High,High
Project,Secondary,14.741944573282645,33.7516198144355,2.797258396433694,4.522350123609288,Medium,3.1068786759746323,Completed but late,Much more,Medium,Low
Assignment,Core,18.187985197438657,68.05358083682412,1.2307414473739073,3.3037553622172506,Low,2.603669535544887,Started but not completed,Less than estimated,High,Low
Project,Core,12.764764927089086,34.21351123441188,3.602199395248318,4.824538345116208,High,1.576397697316445,Started but not completed,Same as estimated,High,Medium
Reading / Notes,Optional,14.90292660073812,74.2536548725715,2.1456850490568637,2.453790077637725,High,1.831272395554461,Started but not completed,Same as estimated,Low,High
Project,Secondary,10.700640846613997,47.17637228088583,2.9096093601563573,3.0664582493127694,High,2.875942661081851,Did not start,Slightly more,Medium,Medium
Project,Optional,17.123785053691833,86.91189605547106,1.0312010182158202,1.4129370058687014,High,4.67488205076062,Did not start,Much more,High,High
Assignment,Core,1.0158397368892014,75.77547887507751,1.902888285904229,2.06141234655707,High,3.9879869886251673,Did not start,Much more,Low,High
Revision / Practice,Optional,12.586972412739534,99.0865581381143,1.3652629692533194,3.954259723951987,Low,4.055362723469186,Started but not completed,Slightly more,Medium,Medium
Exam Preparation,Secondary,13.945081556034664,60.48449305728368,1.9156593815952605,3.0321546410262066,Low,4.323431087572679,Started but not completed,Much more,High,High
Revision / Practice,Core,15.755071021593455,102.30833202671755,2.327787236000097,1.7925406617474646,Low,1.3871815879114417,Did not start,Less than estimated,Low,Medium
Reading / Notes,Optional,6.103417290834243,72.89689063418167,1.9374444567327913,1.4264432912569127,Medium,4.857612660661029,Completed but late,Slightly more,Low,High
Reading / Notes,Core,9.260461275415487,99.39897547374137,4.684509998963258,1.992898186382908,Medium,2.759666065993478,Started but not completed,Slightly more,Medium,Low
Exam Preparation,Secondary,16.81557669029609,38.2591354793346,1.8079377948964157,2.925578686939716,Low,3.2853434514899558,Completed but late,Less than estimated,Low,High
Revision / Practice,Core,4.788247776165164,82.24300272348327,4.659621894707135,2.178463276226885,Medium,3.6170815858225605,Did not start,Much more,Low,Medium
Reading / Notes,Secondary,18.548157968854234,54.029006587579374,3.7898840871290873,4.831882104869953,High,4.725606158686622,Completed but late,Same as estimated,Low,High
Reading / Notes,Optional,15.286186364498581,113.1870930936353,3.076941060862574,4.297253940102254,Low,2.840203757541397,Completed on time,Slightly more,High,Low
Reading / Notes,Optional,18.978202361772013,74.45925929763663,2.780477992864733,1.3624816328159342,Low,2.6115370266998132,Started but not completed,Less than estimated,High,High
Project,Secondary,0.8974515954804363,39.95829446360001,2.5283291674580166,1.6866327788221729,Low,4.222948092818095,Completed but late,Slightly more,Medium,High
Exam Preparation,Secondary,1.5026903400494396,87.49642015805333,4.7104584603165,3.6471733013123493,Low,3.5025716274100693,Started but not completed,Much more,High,High
Assignment,Optional,2.295433857037874,84.76788021406614,2.2878010228956365,4.537837325550294,Medium,2.7669978261967763,Did not start,Much more,Low,Medium
Assignment,Secondary,2.212027990024812,109.26120573511659,4.6062245510134385,4.584279895647796,Low,1.882931911002224,Completed but late,Slightly more,Low,Low
Revision / Practice,Core,0.9853577677253411,33.59820656519515,1.286964788330177,2.6883107935683883,High,1.799405018062957,Did not start,Much more,High,Medium
Reading / Notes,Core,17.705831230023477,42.254207078018666,4.8285716331808874,4.333941771272109,Low,2.648232999807616,Completed but late,Slightly more,High,Low
Revision / Practice,Optional,18.372258472536846,82.12356582933609,1.0284619335220522,3.320949571394639,Low,4.654278801169588,Did not start,Much more,Low,Low
Project,Secondary,1.623953579257873,51.692845754461416,1.0632774560058142,4.736107215920409,Medium,4.4052851669864115,Did not start,Less than estimated,Low,Medium
Assignment,Optional,1.225426403189982,50.70470198976307,2.9045519158112367,3.900853025208592,High,1.8111560736176582,Completed but late,Less than estimated,Low,Low
Project,Secondary,0.8653827742578168,115.66679040548424,1.5384169218780195,1.9243716317603177,High,2.3537160293033503,Did not start,Same as estimated,Low,Low
Reading / Notes,Optional,18.573032917443687,119.40965734881242,3.6149888686769396,1.191460534213408,Medium,2.5545159800756263,Did not start,Slightly more,Medium,Medium
Assignment,Core,11.027236434554196,31.260909019621558,1.8033476032657605,1.865394895527682,High,3.7360356711506775,Completed but late,Slightly more,Medium,High
Project,Optional,2.546781265596998,44.674540571728286,2.4410477033276683,2.501031193781224,Medium,1.9422500094327195,Started but not completed,Much more,Low,Low
Assignment,Core,5.13277083598227,91.5689518792034,2.491996843630922,2.7602586885017977,High,3.996348147836334,Started but not completed,Less than estimated,High,High
Exam Preparation,Secondary,3.9376895073112728,63.68097244929254,1.0165834658776003,3.8599676628377737,Medium,2.1518293995668305,Completed but late,Slightly more,Medium,Medium
Reading / Notes,Secondary,2.450521760367723,71.17706047214935,2.531955152485658,3.0599242386029717,High,2.160045938968581,Completed on time,Same as estimated,Medium,Low
Project,Secondary,14.995058562952286,85.41560731231631,4.476905766368541,4.622331931874022,High,3.6320428243889915,Started but not completed,Same as estimated,High,High
Revision / Practice,Optional,15.74602944196544,75.35696228559023,2.084514446582423,3.813978146223984,Medium,4.925464545355437,Completed but late,Less than estimated,Medium,Low
Project,Optional,13.940533364788452,98.86444957509279,3.133169722701886,4.617086604761346,Low,3.3417491051485846,Completed on time,Much more,Low,Medium
Exam Preparation,Optional,0.5168336647661609,89.25397996388519,1.9189073751513965,4.10848733527367,Medium,1.2791065652154225,Started but not completed,Less than estimated,Medium,Low
Exam Preparation,Optional,7.2938987923473775,64.18143128238678,4.9434107272600185,2.6010285996309506,High,3.8929809054883298,Completed on time,Less than estimated,High,High
Exam Preparation,Core,13.828986079844652,67.34830036977807,1.7995272005027987,2.00726764660579,Low,2.286718269556241,Started but not completed,Same as estimated,Medium,High
Revision / Practice,Optional,18.830466244026503,39.89813931344821,3.502296611723548,1.8792722297686262,Medium,3.617097094014707,Completed on time,Same as estimated,Medium,Medium
Revision / Practice,Core,15.277037172514863,73.2366409087564,4.417961912482536,1.660515401517309,Medium,4.417933009062897,Completed on time,Much more,Low,High
Project,Core,2.4325028413100314,72.90483682591227,2.8049606195650942,3.092019102649134,Low,4.733153278119065,Completed on time,Much more,Medium,Low
Revision / Practice,Secondary,3.1408544128118088,69.57163701198098,2.8402405026949697,1.8589829275560734,Medium,2.0453447065501553,Started but not completed,Same as estimated,Low,Medium
Project,Secondary,5.8296115584579455,94.4131253420661,2.583933256653678,1.857833791261723,Medium,4.946809673491239,Completed on time,Same as estimated,Low,High
Revision / Practice,Secondary,10.71223991346522,71.9736498707384,3.3351966230738745,4.6229961216137445,Low,1.3934264438305672,Did not start,Much more,Low,Low
Project,Core,12.952834987548108,73.11475820104988,4.681611509503751,2.619498411204609,Low,1.6393270701537208,Completed on time,Less than estimated,High,High
Reading / Notes,Secondary,12.990212196647953,90.03549782399743,4.657333771899644,3.421117613878979,Medium,4.66315706112095,Did not start,Same as estimated,High,Medium
Project,Optional,0.4244692701587782,117.04274124579047,4.498676484234139,4.143942307433034,High,1.0958794200869018,Did not start,Much more,Medium,Low
Exam Preparation,Core,6.819427790692057,94.53684529810577,1.5394996609948493,4.125352550518295,Low,2.532031352345359,Completed but late,Much more,Medium,Low
Project,Optional,5.069653273802888,45.601252950848234,1.0714904980486968,2.322686155162764,Medium,4.213059968039112,Did not start,Same as estimated,High,Medium
Exam Preparation,Secondary,12.20992702889359,106.99417711103844,3.6178594749229567,1.2244869592679977,Low,4.506365704026258,Did not start,Slightly more,Low,Low
Reading / Notes,Optional,16.522002907469787,101.94242386565008,3.2724557461208765,1.5914063893327097,Low,4.757679934693886,Did not start,Same as estimated,Medium,Medium
Exam Preparation,Optional,6.614043549227533,85.67759643855689,3.1946159054805614,1.4513828584727877,Medium,3.3618185894572306,Did not start,Same as estimated,Medium,Medium
Project,Optional,16.874620517633684,83.88857972693162,3.059866497883783,1.2928877132939935,Medium,1.608373175093588,Did not start,Slightly more,Medium,Medium
Exam Preparation,Optional,12.721927357592126,62.49825595367417,1.9039219742893758,1.983473728817894,High,2.303940934109309,Started but not completed,Same as estimated,High,Low
Reading / Notes,Secondary,10.451101947556566,82.04886108242917,3.6181157245902296,2.1170535619612942,High,1.8175538638816042,Started but not completed,Much more,Medium,High
Assignment,Secondary,2.8626631305626904,41.94764150424049,4.490486806182492,2.0287012056185363,High,2.619422866257171,Did not start,Same as estimated,Low,Low
Revision / Practice,Secondary,10.427620909212933,119.70766936606671,3.088051773168847,3.7136185372567767,High,2.953719769180445,Started but not completed,Less than estimated,Medium,High
Exam Preparation,Core,16.619793133133186,30.900044053855844,1.7678422492969994,4.619048418658489,Medium,3.5438641984865726,Did not start,Same as estimated,Medium,Low
Exam Preparation,Secondary,1.5676942687372253,40.804405974221304,3.4338823551913054,2.4294259860200844,Medium,2.3135548212046437,Completed on time,Slightly more,Medium,Low
Reading / Notes,Core,19.399418887469814,44.92843109573561,2.5167526730755463,4.830828157858708,Medium,2.217744368488864,Did not start,Same as estimated,Low,Low
Assignment,Secondary,6.676251318671849,55.145113232394664,3.9470416614006085,3.2468331413204212,High,4.056242251489798,Completed on time,Much more,Low,Low
Exam Preparation,Core,14.011521779928113,93.61595256010193,3.8270688219847453,2.599306149614064,High,1.8020550996623426,Did not start,Less than estimated,Medium,Low
